,unit_key,อำเภอ,ตำบล,หน่วย,จำนวนบัตรทั้งหมด,บัตรดี,บัตรเสีย,ไม่เลือกผู้ใด
0,district/advance/5-17 เขต 1 จ.บุรีรัมย์_1,ไม่ทราบ,ไม่ทราบ,ไม่ทราบ,717,631,28,58
1,district/advance/5-17 เขต 1 จ.บุรีรัมย์_3,ไม่ทราบ,ไม่ทราบ,ไม่ทราบ,320,633,25,62
2,district/advance/5-17 เขต 1 จ.บุรีรัมย์_5,ไม่ทราบ,ไม่ทราบ,ไม่ทราบ,773,644,15,514
3,district/advance/5-17 เขต 1 จ.บุรีรัมย์_7,ไม่ทราบ,ไม่ทราบ,ไม่ทราบ,712,630,2423,59
4,district/advance/5-17 เขต 1 จ.บุรีรัมย์_9,ไม่ทราบ,ไม่ทราบ,ไม่ทราบ,715,649,15,31
5,district/advance/5-17 เขต 1 จ.บุรีรัมย์_11,ไม่ทราบ,ไม่ทราบ,ไม่ทราบ,716,629,34,55
6,district/advance/5-17 เขต 1 จ.บุรีรัมย์_13,ไม่ทราบ,ไม่ทราบ,ไม่ทราบ,1432,649,22,45
7,district/advance/5-17 เขต 1 จ.บุรีรัมย์_15,ไม่ทราบ,ไม่ทราบ,ไม่ทราบ,716,616,32,67
8,district/ontime/อำเภอบ้านด่าน/ตำบลบ้านด่าน_1,อำเภอบ้านด่าน,ตำบลบ้านด่าน,1,880,562,29,13
9,district/ontime/อำเภอบ้านด่าน/ตำบลบ้านด่าน_3,อำเภอบ้านด่าน,ตำบลบ้านด่าน,2,520,303,29,10
10,district/ontime/อำเภอบ้านด่าน/ตำบลบ้านด่าน_5,อำเภอบ้านด่าน,ตำบลบ้านด่าน,3,500,309,16,7
11,district/ontime/อำเภอบ้านด่าน/ตำบลบ้านด่าน_7,อำเภอบ้านด่าน,ตำบลบ้านด่าน,4,570,329,21,11
12,district/ontime/อำเภอบ้านด่าน/ตำบลบ้านด่าน_9,อำเภอบ้านด่าน,ตำบลบ้านด่าน,5,360,256,11,7
13,district/ontime/อำเภอบ้านด่าน/ตำบลบ้านด่าน_11,อำเภอบ้านด่าน,ตำบลบ้านด่าน,6,380,242,12,11
14,district/ontime/อำเภอบ้านด่าน/ตำบลบ้านด่าน_13,อำเภอบ้านด่าน,ตำบลบ้านด่าน,7,440,284,13,10
15,district/ontime/อำเภอบ้านด่าน/ตำบลบ้านด่าน_15,อำเภอบ้านด่าน,ตำบลบ้านด่าน,8,460,301,278,16
16,district/ontime/อำเภอบ้านด่าน/ตำบลบ้านด่าน_17,อำเภอบ้านด่าน,ตำบลบ้านด่าน,9,620,378,14,5
17,district/ontime/อำเภอบ้านด่าน/ตำบลบ้านด่าน_19,อำเภอบ้านด่าน,ตำบลบ้านด่าน,10,300,170,11,3
18,district/ontime/อำเภอบ้านด่าน/ตำบลบ้านด่าน_21,อำเภอบ้านด่าน,ตำบลบ้านด่าน,11,280,205,196,0
19,district/ontime/อำเภอบ้านด่าน/ตำบลบ้านด่าน_23,อำเภอบ้านด่าน,ตำบลบ้านด่าน,12,440,276,16,5
20,district/ontime/อำเภอบ้านด่าน/ตำบลบ้านด่าน_25,อำเภอบ้านด่าน,ตำบลบ้านด่าน,13,680,407,28,10
21,district/ontime/อำเภอบ้านด่าน/ตำบลบ้านด่าน_27,อำเภอบ้านด่าน,ตำบลบ้านด่าน,14,620,317,19,14
22,district/ontime/อำเภอบ้านด่าน/ตำบลบ้านด่าน_29,อำเภอบ้านด่าน,ตำบลบ้านด่าน,15,380,225,10,0
23,district/ontime/อำเภอบ้านด่าน/ตำบลบ้านด่าน_31,อำเภอบ้านด่าน,ตำบลบ้านด่าน,16,380,283,451,36
24,district/ontime/อำเภอบ้านด่าน/ตำบลบ้านด่าน_33,อำเภอบ้านด่าน,ตำบลบ้านด่าน,17,220,121,10,3
25,district/ontime/อำเภอบ้านด่าน/ตำบลบ้านด่าน_35,อำเภอบ้านด่าน,ตำบลบ้านด่าน,18,200,134,5,1
26,district/ontime/อำเภอบ้านด่าน/ตำบลบ้านด่าน_37,อำเภอบ้านด่าน,ตำบลบ้านด่าน,19,700,382,22,13
27,district/ontime/อำเภอบ้านด่าน/ตำบลบ้านด่าน_39,อำเภอบ้านด่าน,ตำบลบ้านด่าน,20,300,168,14,428
28,district/ontime/อำเภอบ้านด่าน/ตำบลปราสาท_1,อำเภอบ้านด่าน,ตำบลปราสาท,1,400,256,24,7
29,district/ontime/อำเภอบ้านด่าน/ตำบลปราสาท_3,อำเภอบ้านด่าน,ตำบลปราสาท,2,620,341,25,9
30,district/ontime/อำเภอบ้านด่าน/ตำบลปราสาท_5,อำเภอบ้านด่าน,ตำบลปราสาท,3,360,210,15,2
31,district/ontime/อำเภอบ้านด่าน/ตำบลปราสาท_7,อำเภอบ้านด่าน,ตำบลปราสาท,4,540,249,24,4
32,district/ontime/อำเภอบ้านด่าน/ตำบลปราสาท_9,อำเภอบ้านด่าน,ตำบลปราสาท,5,240,119,9,0
33,district/ontime/อำเภอบ้านด่าน/ตำบลปราสาท_11,อำเภอบ้านด่าน,ตำบลปราสาท,6,200,137,1,1
34,district/ontime/อำเภอบ้านด่าน/ตำบลปราสาท_13,อำเภอบ้านด่าน,ตำบลปราสาท,7,420,197,22,1
35,district/ontime/อำเภอบ้านด่าน/ตำบลปราสาท_15,อำเภอบ้านด่าน,ตำบลปราสาท,8,540,286,32,5
36,district/ontime/อำเภอบ้านด่าน/ตำบลปราสาท_17,อำเภอบ้านด่าน,ตำบลปราสาท,9,500,272,17,0
37,district/ontime/อำเภอบ้านด่าน/ตำบลปราสาท_19,อำเภอบ้านด่าน,ตำบลปราสาท,10,820,435,26,6
38,district/ontime/อำเภอบ้านด่าน/ตำบลปราสาท_21,อำเภอบ้านด่าน,ตำบลปราสาท,11,480,295,11,11
39,district/ontime/อำเภอบ้านด่าน/ตำบลปราสาท_23,อำเภอบ้านด่าน,ตำบลปราสาท,12,340,161,16,5
40,district/ontime/อำเภอบ้านด่าน/ตำบลปราสาท_25,อำเภอบ้านด่าน,ตำบลปราสาท,13,420,259,12,3
41,district/ontime/อำเภอบ้านด่าน/ตำบลปราสาท_27,อำเภอบ้านด่าน,ตำบลปราสาท,14,360,208,14,1
42,district/ontime/อำเภอบ้านด่าน/ตำบลปราสาท_29,อำเภอบ้านด่าน,ตำบลปราสาท,15,360,22,9,1
43,district/ontime/อำเภอบ้านด่าน/ตำบลปราสาท_31,อำเภอบ้านด่าน,ตำบลปราสาท,16,260,150,7,2
44,district/ontime/อำเภอเมืองบุรีรัมย์/ตำบลถลุงเหล็ก_1,อำเภอเมืองบุรีรัมย์,ตำบลถลุงเหล็ก,1,360,202,2,4
45,district/ontime/อำเภอเมืองบุรีรัมย์/ตำบลถลุงเหล็ก_3,อำเภอเมืองบุรีรัมย์,ตำบลถลุงเหล็ก,2,320,176,5,1
46,district/ontime/อำเภอเมืองบุรีรัมย์/ตำบลถลุงเหล็ก_5,อำเภอเมืองบุรีรัมย์,ตำบลถลุงเหล็ก,3,240,152,3,1
47,district/ontime/อำเภอเมืองบุรีรัมย์/ตำบลถลุงเหล็ก_7,อำเภอเมืองบุรีรัมย์,ตำบลถลุงเหล็ก,4,470,252,8,2
48,district/ontime/อำเภอเมืองบุรีรัมย์/ตำบลถลุงเหล็ก_9,อำเภอเมืองบุรีรัมย์,ตำบลถลุงเหล็ก,5,220,130,3,2
49,district/ontime/อำเภอเมืองบุรีรัมย์/ตำบลถลุงเหล็ก_11,อำเภอเมืองบุรีรัมย์,ตำบลถลุงเหล็ก,6,340,207,11,8
50,district/ontime/อำเภอเมืองบุรีรัมย์/ตำบลถลุงเหล็ก_13,อำเภอเมืองบุรีรัมย์,ตำบลถลุงเหล็ก,7,460,295,7,9
51,district/ontime/อำเภอเมืองบุรีรัมย์/ตำบลถลุงเหล็ก_15,อำเภอเมืองบุรีรัมย์,ตำบลถลุงเหล็ก,8,220,142,4,2
52,district/ontime/อำเภอเมืองบุรีรัมย์/ตำบลถลุงเหล็ก_17,อำเภอเมืองบุรีรัมย์,ตำบลถลุงเหล็ก,9,340,211,196,6
53,district/ontime/อำเภอเมืองบุรีรัมย์/ตำบลถลุงเหล็ก_19,อำเภอเมืองบุรีรัมย์,ตำบลถลุงเหล็ก,10,240,156,9,10
54,district/ontime/อำเภอเมืองบุรีรัมย์/ตำบลถลุงเหล็ก_21,อำเภอเมืองบุรีรัมย์,ตำบลถลุงเหล็ก,11,320,193,7,8
55,district/ontime/อำเภอเมืองบุรีรัมย์/ตำบลถลุงเหล็ก_23,อำเภอเมืองบุรีรัมย์,ตำบลถลุงเหล็ก,12,440,215,13,3
56,district/ontime/อำเภอเมืองบุรีรัมย์/ตำบลถลุงเหล็ก_25,อำเภอเมืองบุรีรัมย์,ตำบลถลุงเหล็ก,13,340,212,2,8
57,district/ontime/อำเภอเมืองบุรีรัมย์/ตำบลถลุงเหล็ก_27,อำเภอเมืองบุรีรัมย์,ตำบลถลุงเหล็ก,14,220,132,5,3
58,district/ontime/อำเภอเมืองบุรีรัมย์/ตำบลกระสัง_1,อำเภอเมืองบุรีรัมย์,ตำบลกระสัง,1,400,237,12,7
59,district/ontime/อำเภอเมืองบุรีรัมย์/ตำบลกระสัง_3,อำเภอเมืองบุรีรัมย์,ตำบลกระสัง,2,670,469,26,18
60,district/ontime/อำเภอเมืองบุรีรัมย์/ตำบลกระสัง_5,อำเภอเมืองบุรีรัมย์,ตำบลกระสัง,3,600,345,29,10
61,district/ontime/อำเภอเมืองบุรีรัมย์/ตำบลกระสัง_7,อำเภอเมืองบุรีรัมย์,ตำบลกระสัง,4,280,180,12,8
62,district/ontime/อำเภอเมืองบุรีรัมย์/ตำบลกระสัง_9,อำเภอเมืองบุรีรัมย์,ตำบลกระสัง,5,340,217,13,6
63,district/ontime/อำเภอเมืองบุรีรัมย์/ตำบลกระสัง_11,อำเภอเมืองบุรีรัมย์,ตำบลกระสัง,6,280,166,5,4
64,district/ontime/อำเภอเมืองบุรีรัมย์/ตำบลกระสัง_13,อำเภอเมืองบุรีรัมย์,ตำบลกระสัง,7,680,466,16,16
65,district/ontime/อำเภอเมืองบุรีรัมย์/ตำบลกระสัง_15,อำเภอเมืองบุรีรัมย์,ตำบลกระสัง,8,460,294,20,6
66,district/ontime/อำเภอเมืองบุรีรัมย์/ตำบลกระสัง_17,อำเภอเมืองบุรีรัมย์,ตำบลกระสัง,9,280,233,16,4
67,district/ontime/อำเภอเมืองบุรีรัมย์/ตำบลกระสัง_19,อำเภอเมืองบุรีรัมย์,ตำบลกระสัง,10,520,339,12,24
68,district/ontime/อำเภอเมืองบุรีรัมย์/ตำบลกระสัง_21,อำเภอเมืองบุรีรัมย์,ตำบลกระสัง,11,320,205,10,7
69,district/ontime/อำเภอเมืองบุรีรัมย์/ตำบลกระสัง_23,อำเภอเมืองบุรีรัมย์,ตำบลกระสัง,12,440,290,24,15
70,district/ontime/อำเภอเมืองบุรีรัมย์/ตำบลกระสัง_25,อำเภอเมืองบุรีรัมย์,ตำบลกระสัง,13,460,325,5718,47312
71,district/ontime/อำเภอเมืองบุรีรัมย์/ตำบลกระสัง_27,อำเภอเมืองบุรีรัมย์,ตำบลกระสัง,14,260,176,7,7
72,district/ontime/อำเภอเมืองบุรีรัมย์/ตำบลกลันทา_1,อำเภอเมืองบุรีรัมย์,ตำบลกลันทา,1,500,300,100,100
73,district/ontime/อำเภอเมืองบุรีรัมย์/ตำบลกลันทา_3,อำเภอเมืองบุรีรัมย์,ตำบลกลันทา,2,700,403,367,18
74,district/ontime/อำเภอเมืองบุรีรัมย์/ตำบลกลันทา_5,อำเภอเมืองบุรีรัมย์,ตำบลกลันทา,3,380,230,9,3
75,district/ontime/อำเภอเมืองบุรีรัมย์/ตำบลกลันทา_7,อำเภอเมืองบุรีรัมย์,ตำบลกลันทา,4,600,398,365,11
76,district/ontime/อำเภอเมืองบุรีรัมย์/ตำบลกลันทา_9,อำเภอเมืองบุรีรัมย์,ตำบลกลันทา,5,340,176,10,8
77,district/ontime/อำเภอเมืองบุรีรัมย์/ตำบลกลันทา_11,อำเภอเมืองบุรีรัมย์,ตำบลกลันทา,6,680,363,26,7
78,district/ontime/อำเภอเมืองบุรีรัมย์/ตำบลกลันทา_13,อำเภอเมืองบุรีรัมย์,ตำบลกลันทา,7,620,337,19,19
79,district/ontime/อำเภอเมืองบุรีรัมย์/ตำบลกลันทา_15,อำเภอเมืองบุรีรัมย์,ตำบลกลันทา,8,300,160,3,4
80,district/ontime/อำเภอเมืองบุรีรัมย์/ตำบลกลันทา_17,อำเภอเมืองบุรีรัมย์,ตำบลกลันทา,9,400,253,241,10
81,district/ontime/อำเภอเมืองบุรีรัมย์/ตำบลกลันทา_19,อำเภอเมืองบุรีรัมย์,ตำบลกลันทา,10,220,120,10,4
82,district/ontime/อำเภอเมืองบุรีรัมย์/ตำบลกลันทา_21,อำเภอเมืองบุรีรัมย์,ตำบลกลันทา,11,240,118,111,5
83,district/ontime/อำเภอเมืองบุรีรัมย์/ตำบลกลันทา_23,อำเภอเมืองบุรีรัมย์,ตำบลกลันทา,12,220,107,3,5
84,district/ontime/อำเภอเมืองบุรีรัมย์/ตำบลกลันทา_25,อำเภอเมืองบุรีรัมย์,ตำบลกลันทา,13,300,184,8,1
85,district/ontime/อำเภอเมืองบุรีรัมย์/ตำบลชุมเห็ด_1,อำเภอเมืองบุรีรัมย์,ตำบลชุมเห็ด,1,480,280,14,31
86,district/ontime/อำเภอเมืองบุรีรัมย์/ตำบลชุมเห็ด_3,อำเภอเมืองบุรีรัมย์,ตำบลชุมเห็ด,2,480,236,14,17
87,district/ontime/อำเภอเมืองบุรีรัมย์/ตำบลชุมเห็ด_5,อำเภอเมืองบุรีรัมย์,ตำบลชุมเห็ด,3,460,267,15,38
88,district/ontime/อำเภอเมืองบุรีรัมย์/ตำบลชุมเห็ด_7,อำเภอเมืองบุรีรัมย์,ตำบลชุมเห็ด,4,440,312,10,26
89,district/ontime/อำเภอเมืองบุรีรัมย์/ตำบลชุมเห็ด_9,อำเภอเมืองบุรีรัมย์,ตำบลชุมเห็ด,5,460,262,23,17
90,district/ontime/อำเภอเมืองบุรีรัมย์/ตำบลชุมเห็ด_11,อำเภอเมืองบุรีรัมย์,ตำบลชุมเห็ด,6,450,268,25,28
91,district/ontime/อำเภอเมืองบุรีรัมย์/ตำบลชุมเห็ด_13,อำเภอเมืองบุรีรัมย์,ตำบลชุมเห็ด,7,580,326,16,30
92,district/ontime/อำเภอเมืองบุรีรัมย์/ตำบลชุมเห็ด_15,อำเภอเมืองบุรีรัมย์,ตำบลชุมเห็ด,8,560,382,16,43
93,district/ontime/อำเภอเมืองบุรีรัมย์/ตำบลชุมเห็ด_17,อำเภอเมืองบุรีรัมย์,ตำบลชุมเห็ด,9,400,241,218,11
94,district/ontime/อำเภอเมืองบุรีรัมย์/ตำบลชุมเห็ด_19,อำเภอเมืองบุรีรัมย์,ตำบลชุมเห็ด,10,400,240,22,12
95,district/ontime/อำเภอเมืองบุรีรัมย์/ตำบลชุมเห็ด_21,อำเภอเมืองบุรีรัมย์,ตำบลชุมเห็ด,11,400,232,17,31
96,district/ontime/อำเภอเมืองบุรีรัมย์/ตำบลชุมเห็ด_23,อำเภอเมืองบุรีรัมย์,ตำบลชุมเห็ด,12,560,357,18,15
97,district/ontime/อำเภอเมืองบุรีรัมย์/ตำบลชุมเห็ด_25,อำเภอเมืองบุรีรัมย์,ตำบลชุมเห็ด,13,880,573,27,43
98,district/ontime/อำเภอเมืองบุรีรัมย์/ตำบลชุมเห็ด_27,อำเภอเมืองบุรีรัมย์,ตำบลชุมเห็ด,14,720,416,28,29
99,district/ontime/อำเภอเมืองบุรีรัมย์/ตำบลชุมเห็ด_29,อำเภอเมืองบุรีรัมย์,ตำบลชุมเห็ด,15,720,479,25,45
100,district/ontime/อำเภอเมืองบุรีรัมย์/ตำบลชุมเห็ด_31,อำเภอเมืองบุรีรัมย์,ตำบลชุมเห็ด,16,600,386,81,14
101,district/ontime/อำเภอเมืองบุรีรัมย์/ตำบลชุมเห็ด_33,อำเภอเมืองบุรีรัมย์,ตำบลชุมเห็ด,17,540,368,8,26
102,district/ontime/อำเภอเมืองบุรีรัมย์/ตำบลชุมเห็ด_35,อำเภอเมืองบุรีรัมย์,ตำบลชุมเห็ด,18,700,396,10,31
103,district/ontime/อำเภอเมืองบุรีรัมย์/ตำบลชุมเห็ด_37,อำเภอเมืองบุรีรัมย์,ตำบลชุมเห็ด,19,220,131,8,7
104,district/ontime/อำเภอเมืองบุรีรัมย์/ตำบลชุมเห็ด_39,อำเภอเมืองบุรีรัมย์,ตำบลชุมเห็ด,20,249,245,289,9
105,district/ontime/อำเภอเมืองบุรีรัมย์/ตำบลชุมเห็ด_41,อำเภอเมืองบุรีรัมย์,ตำบลชุมเห็ด,21,460,280,9,12
106,district/ontime/อำเภอเมืองบุรีรัมย์/ตำบลชุมเห็ด_43,อำเภอเมืองบุรีรัมย์,ตำบลชุมเห็ด,22,660,403,21,52
107,district/ontime/อำเภอเมืองบุรีรัมย์/ตำบลชุมเห็ด_45,อำเภอเมืองบุรีรัมย์,ตำบลชุมเห็ด,23,220,142,1,3
108,district/ontime/อำเภอเมืองบุรีรัมย์/ตำบลชุมเห็ด_47,อำเภอเมืองบุรีรัมย์,ตำบลชุมเห็ด,24,460,263,13,20
109,district/ontime/อำเภอเมืองบุรีรัมย์/ตำบลชุมเห็ด_49,อำเภอเมืองบุรีรัมย์,ตำบลชุมเห็ด,25,470,309,71,10
110,district/ontime/อำเภอเมืองบุรีรัมย์/ตำบลชุมเห็ด_51,อำเภอเมืองบุรีรัมย์,ตำบลชุมเห็ด,26,420,389,16,24
111,district/ontime/อำเภอเมืองบุรีรัมย์/ตำบลชุมเห็ด_53,อำเภอเมืองบุรีรัมย์,ตำบลชุมเห็ด,27,440,295,5,24
112,district/ontime/อำเภอเมืองบุรีรัมย์/ตำบลชุมเห็ด_55,อำเภอเมืองบุรีรัมย์,ตำบลชุมเห็ด,28,400,300,3,29
113,district/ontime/อำเภอเมืองบุรีรัมย์/ตำบลชุมเห็ด_57,อำเภอเมืองบุรีรัมย์,ตำบลชุมเห็ด,29,440,342,302,8
114,district/ontime/อำเภอเมืองบุรีรัมย์/ตำบลชุมเห็ด_59,อำเภอเมืองบุรีรัมย์,ตำบลชุมเห็ด,30,440,271,17,15
115,district/ontime/อำเภอเมืองบุรีรัมย์/ตำบลชุมเห็ด_61,อำเภอเมืองบุรีรัมย์,ตำบลชุมเห็ด,31,480,285,23,13
116,district/ontime/อำเภอเมืองบุรีรัมย์/ตำบลชุมเห็ด_63,อำเภอเมืองบุรีรัมย์,ตำบลชุมเห็ด,32,640,436,19,26
117,district/ontime/อำเภอเมืองบุรีรัมย์/ตำบลในเมือง_1,อำเภอเมืองบุรีรัมย์,ตำบลในเมือง,1,720,419,12,39
118,district/ontime/อำเภอเมืองบุรีรัมย์/ตำบลในเมือง_3,อำเภอเมืองบุรีรัมย์,ตำบลในเมือง,2,420,272,13,18
119,district/ontime/อำเภอเมืองบุรีรัมย์/ตำบลในเมือง_5,อำเภอเมืองบุรีรัมย์,ตำบลในเมือง,3,440,251,16,20
120,district/ontime/อำเภอเมืองบุรีรัมย์/ตำบลในเมือง_7,อำเภอเมืองบุรีรัมย์,ตำบลในเมือง,4,509,399,7,23
121,district/ontime/อำเภอเมืองบุรีรัมย์/ตำบลในเมือง_9,อำเภอเมืองบุรีรัมย์,ตำบลในเมือง,5,540,358,13,20
122,district/ontime/อำเภอเมืองบุรีรัมย์/ตำบลในเมือง_11,อำเภอเมืองบุรีรัมย์,ตำบลในเมือง,6,460,262,8,247
123,district/ontime/อำเภอเมืองบุรีรัมย์/ตำบลในเมือง_13,อำเภอเมืองบุรีรัมย์,ตำบลในเมือง,7,464,272,7,19
124,district/ontime/อำเภอเมืองบุรีรัมย์/ตำบลในเมือง_15,อำเภอเมืองบุรีรัมย์,ตำบลในเมือง,8,560,352,10,25
125,district/ontime/อำเภอเมืองบุรีรัมย์/ตำบลในเมือง_17,อำเภอเมืองบุรีรัมย์,ตำบลในเมือง,9,560,364,329,14
126,district/ontime/อำเภอเมืองบุรีรัมย์/ตำบลในเมือง_19,อำเภอเมืองบุรีรัมย์,ตำบลในเมือง,10,520,243,6,25
127,district/ontime/อำเภอเมืองบุรีรัมย์/ตำบลในเมือง_21,อำเภอเมืองบุรีรัมย์,ตำบลในเมือง,11,420,234,4,31
128,district/ontime/อำเภอเมืองบุรีรัมย์/ตำบลในเมือง_23,อำเภอเมืองบุรีรัมย์,ตำบลในเมือง,12,460,261,15,16
129,district/ontime/อำเภอเมืองบุรีรัมย์/ตำบลในเมือง_25,อำเภอเมืองบุรีรัมย์,ตำบลในเมือง,13,420,249,9,9
130,district/ontime/อำเภอเมืองบุรีรัมย์/ตำบลในเมือง_27,อำเภอเมืองบุรีรัมย์,ตำบลในเมือง,14,580,441,376,16
131,district/ontime/อำเภอเมืองบุรีรัมย์/ตำบลในเมือง_29,อำเภอเมืองบุรีรัมย์,ตำบลในเมือง,15,420,300,14,23
132,district/ontime/อำเภอเมืองบุรีรัมย์/ตำบลในเมือง_31,อำเภอเมืองบุรีรัมย์,ตำบลในเมือง,16,420,296,10,14
133,district/ontime/อำเภอเมืองบุรีรัมย์/ตำบลในเมือง_33,อำเภอเมืองบุรีรัมย์,ตำบลในเมือง,17,326,189,10,9
134,district/ontime/อำเภอเมืองบุรีรัมย์/ตำบลในเมือง_35,อำเภอเมืองบุรีรัมย์,ตำบลในเมือง,18,560,330,9,20
135,district/ontime/อำเภอเมืองบุรีรัมย์/ตำบลในเมือง_37,อำเภอเมืองบุรีรัมย์,ตำบลในเมือง,19,520,315,9,29
136,district/ontime/อำเภอเมืองบุรีรัมย์/ตำบลในเมือง_39,อำเภอเมืองบุรีรัมย์,ตำบลในเมือง,20,380,252,5,13
137,district/ontime/อำเภอเมืองบุรีรัมย์/ตำบลในเมือง_41,อำเภอเมืองบุรีรัมย์,ตำบลในเมือง,21,360,209,10,28
138,district/ontime/อำเภอเมืองบุรีรัมย์/ตำบลในเมือง_43,อำเภอเมืองบุรีรัมย์,ตำบลในเมือง,22,440,277,9,19
139,district/ontime/อำเภอเมืองบุรีรัมย์/ตำบลในเมือง_45,อำเภอเมืองบุรีรัมย์,ตำบลในเมือง,23,640,420,8,24
140,district/ontime/อำเภอเมืองบุรีรัมย์/ตำบลในเมือง_47,อำเภอเมืองบุรีรัมย์,ตำบลในเมือง,24,500,325,6,24
141,district/ontime/อำเภอเมืองบุรีรัมย์/ตำบลในเมือง_49,อำเภอเมืองบุรีรัมย์,ตำบลในเมือง,25,740,534,7,26
142,district/ontime/อำเภอเมืองบุรีรัมย์/ตำบลในเมือง_51,อำเภอเมืองบุรีรัมย์,ตำบลในเมือง,26,560,342,10,32
143,district/ontime/อำเภอเมืองบุรีรัมย์/ตำบลในเมือง_53,อำเภอเมืองบุรีรัมย์,ตำบลในเมือง,27,700,260,11,46
144,district/ontime/อำเภอเมืองบุรีรัมย์/ตำบลในเมือง_55,อำเภอเมืองบุรีรัมย์,ตำบลในเมือง,28,680,419,16,30
145,district/ontime/อำเภอเมืองบุรีรัมย์/ตำบลในเมือง_57,อำเภอเมืองบุรีรัมย์,ตำบลในเมือง,29,740,309,15,23
146,district/ontime/อำเภอเมืองบุรีรัมย์/ตำบลในเมือง_59,อำเภอเมืองบุรีรัมย์,ตำบลในเมือง,30,740,500,18,31
147,district/ontime/อำเภอเมืองบุรีรัมย์/ตำบลในเมือง_61,อำเภอเมืองบุรีรัมย์,ตำบลในเมือง,31,680,471,11,34
148,district/ontime/อำเภอเมืองบุรีรัมย์/ตำบลบัวทอง_1,อำเภอเมืองบุรีรัมย์,ตำบลบัวทอง,1,700,375,22,14
149,district/ontime/อำเภอเมืองบุรีรัมย์/ตำบลบัวทอง_3,อำเภอเมืองบุรีรัมย์,ตำบลบัวทอง,2,263,246,14,5
150,district/ontime/อำเภอเมืองบุรีรัมย์/ตำบลบัวทอง_5,อำเภอเมืองบุรีรัมย์,ตำบลบัวทอง,3,220,130,8,1
151,district/ontime/อำเภอเมืองบุรีรัมย์/ตำบลบัวทอง_7,อำเภอเมืองบุรีรัมย์,ตำบลบัวทอง,4,520,313,13,5
152,district/ontime/อำเภอเมืองบุรีรัมย์/ตำบลบัวทอง_9,อำเภอเมืองบุรีรัมย์,ตำบลบัวทอง,5,420,238,16,5
153,district/ontime/อำเภอเมืองบุรีรัมย์/ตำบลบัวทอง_11,อำเภอเมืองบุรีรัมย์,ตำบลบัวทอง,6,440,259,9,8
154,district/ontime/อำเภอเมืองบุรีรัมย์/ตำบลบัวทอง_13,อำเภอเมืองบุรีรัมย์,ตำบลบัวทอง,7,660,344,18,5
155,district/ontime/อำเภอเมืองบุรีรัมย์/ตำบลบัวทอง_15,อำเภอเมืองบุรีรัมย์,ตำบลบัวทอง,8,200,137,8,3
156,district/ontime/อำเภอเมืองบุรีรัมย์/ตำบลบัวทอง_17,อำเภอเมืองบุรีรัมย์,ตำบลบัวทอง,9,460,268,9,1
157,district/ontime/อำเภอเมืองบุรีรัมย์/ตำบลบัวทอง_19,อำเภอเมืองบุรีรัมย์,ตำบลบัวทอง,10,220,116,16,2
158,district/ontime/อำเภอเมืองบุรีรัมย์/ตำบลบัวทอง_21,อำเภอเมืองบุรีรัมย์,ตำบลบัวทอง,11,260,133,11,1
159,district/ontime/อำเภอเมืองบุรีรัมย์/ตำบลบัวทอง_23,อำเภอเมืองบุรีรัมย์,ตำบลบัวทอง,12,300,202,4,3
160,district/ontime/อำเภอเมืองบุรีรัมย์/ตำบลบัวทอง_25,อำเภอเมืองบุรีรัมย์,ตำบลบัวทอง,13,360,241,3,3
161,district/ontime/อำเภอเมืองบุรีรัมย์/ตำบลบัวทอง_27,อำเภอเมืองบุรีรัมย์,ตำบลบัวทอง,14,220,153,8,4
162,district/ontime/อำเภอเมืองบุรีรัมย์/ตำบลบ้านบัว_1,อำเภอเมืองบุรีรัมย์,ตำบลบ้านบัว,1,380,295,9,14
163,district/ontime/อำเภอเมืองบุรีรัมย์/ตำบลบ้านบัว_3,อำเภอเมืองบุรีรัมย์,ตำบลบ้านบัว,2,460,301,16,15
164,district/ontime/อำเภอเมืองบุรีรัมย์/ตำบลบ้านบัว_5,อำเภอเมืองบุรีรัมย์,ตำบลบ้านบัว,3,520,364,20,28
165,district/ontime/อำเภอเมืองบุรีรัมย์/ตำบลบ้านบัว_7,อำเภอเมืองบุรีรัมย์,ตำบลบ้านบัว,4,640,445,24,19
166,district/ontime/อำเภอเมืองบุรีรัมย์/ตำบลบ้านบัว_9,อำเภอเมืองบุรีรัมย์,ตำบลบ้านบัว,5,240,152,10,8
167,district/ontime/อำเภอเมืองบุรีรัมย์/ตำบลบ้านบัว_11,อำเภอเมืองบุรีรัมย์,ตำบลบ้านบัว,6,400,285,13,9
168,district/ontime/อำเภอเมืองบุรีรัมย์/ตำบลบ้านบัว_13,อำเภอเมืองบุรีรัมย์,ตำบลบ้านบัว,7,480,317,14,11
169,district/ontime/อำเภอเมืองบุรีรัมย์/ตำบลบ้านบัว_15,อำเภอเมืองบุรีรัมย์,ตำบลบ้านบัว,8,380,269,4,14
170,district/ontime/อำเภอเมืองบุรีรัมย์/ตำบลบ้านบัว_17,อำเภอเมืองบุรีรัมย์,ตำบลบ้านบัว,9,460,343,12,12
171,district/ontime/อำเภอเมืองบุรีรัมย์/ตำบลบ้านบัว_19,อำเภอเมืองบุรีรัมย์,ตำบลบ้านบัว,10,540,342,17,3
172,district/ontime/อำเภอเมืองบุรีรัมย์/ตำบลบ้านบัว_21,อำเภอเมืองบุรีรัมย์,ตำบลบ้านบัว,11,520,378,15,18
173,district/ontime/อำเภอเมืองบุรีรัมย์/ตำบลบ้านบัว_23,อำเภอเมืองบุรีรัมย์,ตำบลบ้านบัว,12,280,183,9,5
174,district/ontime/อำเภอเมืองบุรีรัมย์/ตำบลบ้านบัว_25,อำเภอเมืองบุรีรัมย์,ตำบลบ้านบัว,13,600,388,22,10
175,district/ontime/อำเภอเมืองบุรีรัมย์/ตำบลบ้านบัว_27,อำเภอเมืองบุรีรัมย์,ตำบลบ้านบัว,14,560,389,15,23
176,district/ontime/อำเภอเมืองบุรีรัมย์/ตำบลบ้านบัว_29,อำเภอเมืองบุรีรัมย์,ตำบลบ้านบัว,15,420,294,11,7
177,district/ontime/อำเภอเมืองบุรีรัมย์/ตำบลบ้านบัว_31,อำเภอเมืองบุรีรัมย์,ตำบลบ้านบัว,16,180,123,5,6
178,district/ontime/อำเภอเมืองบุรีรัมย์/ตำบลบ้านบัว_33,อำเภอเมืองบุรีรัมย์,ตำบลบ้านบัว,17,260,166,10,9
179,district/ontime/อำเภอเมืองบุรีรัมย์/ตำบลบ้านบัว_35,อำเภอเมืองบุรีรัมย์,ตำบลบ้านบัว,18,480,311,21,17
180,district/ontime/อำเภอเมืองบุรีรัมย์/ตำบลบ้านบัว_37,อำเภอเมืองบุรีรัมย์,ตำบลบ้านบัว,19,460,309,6,20
181,district/ontime/อำเภอเมืองบุรีรัมย์/ตำบลบ้านยาง_1,อำเภอเมืองบุรีรัมย์,ตำบลบ้านยาง,1,720,424,24,15
182,district/ontime/อำเภอเมืองบุรีรัมย์/ตำบลบ้านยาง_3,อำเภอเมืองบุรีรัมย์,ตำบลบ้านยาง,2,440,269,16,6
183,district/ontime/อำเภอเมืองบุรีรัมย์/ตำบลบ้านยาง_5,อำเภอเมืองบุรีรัมย์,ตำบลบ้านยาง,3,420,285,19,6
184,district/ontime/อำเภอเมืองบุรีรัมย์/ตำบลบ้านยาง_7,อำเภอเมืองบุรีรัมย์,ตำบลบ้านยาง,4,720,456,26,16
185,district/ontime/อำเภอเมืองบุรีรัมย์/ตำบลบ้านยาง_9,อำเภอเมืองบุรีรัมย์,ตำบลบ้านยาง,5,320,205,4,13
186,district/ontime/อำเภอเมืองบุรีรัมย์/ตำบลบ้านยาง_11,อำเภอเมืองบุรีรัมย์,ตำบลบ้านยาง,6,560,352,20,6
187,district/ontime/อำเภอเมืองบุรีรัมย์/ตำบลบ้านยาง_13,อำเภอเมืองบุรีรัมย์,ตำบลบ้านยาง,7,720,477,25,20
188,district/ontime/อำเภอเมืองบุรีรัมย์/ตำบลบ้านยาง_15,อำเภอเมืองบุรีรัมย์,ตำบลบ้านยาง,8,360,203,2,4
189,district/ontime/อำเภอเมืองบุรีรัมย์/ตำบลบ้านยาง_17,อำเภอเมืองบุรีรัมย์,ตำบลบ้านยาง,9,680,440,18,10
190,district/ontime/อำเภอเมืองบุรีรัมย์/ตำบลบ้านยาง_19,อำเภอเมืองบุรีรัมย์,ตำบลบ้านยาง,10,340,207,12,12
191,district/ontime/อำเภอเมืองบุรีรัมย์/ตำบลบ้านยาง_21,อำเภอเมืองบุรีรัมย์,ตำบลบ้านยาง,11,520,30,15,21
192,district/ontime/อำเภอเมืองบุรีรัมย์/ตำบลบ้านยาง_23,อำเภอเมืองบุรีรัมย์,ตำบลบ้านยาง,12,360,223,12,8
193,district/ontime/อำเภอเมืองบุรีรัมย์/ตำบลบ้านยาง_25,อำเภอเมืองบุรีรัมย์,ตำบลบ้านยาง,13,640,411,8,26
194,district/ontime/อำเภอเมืองบุรีรัมย์/ตำบลบ้านยาง_27,อำเภอเมืองบุรีรัมย์,ตำบลบ้านยาง,14,440,247,11,1
195,district/ontime/อำเภอเมืองบุรีรัมย์/ตำบลบ้านยาง_29,อำเภอเมืองบุรีรัมย์,ตำบลบ้านยาง,15,400,306,7,2
196,district/ontime/อำเภอเมืองบุรีรัมย์/ตำบลบ้านยาง_31,อำเภอเมืองบุรีรัมย์,ตำบลบ้านยาง,16,420,268,12,4
197,district/ontime/อำเภอเมืองบุรีรัมย์/ตำบลบ้านยาง_33,อำเภอเมืองบุรีรัมย์,ตำบลบ้านยาง,17,760,392,37,10
198,district/ontime/อำเภอเมืองบุรีรัมย์/ตำบลบ้านยาง_35,อำเภอเมืองบุรีรัมย์,ตำบลบ้านยาง,18,640,380,30,10
199,district/ontime/อำเภอเมืองบุรีรัมย์/ตำบลบ้านยาง_37,อำเภอเมืองบุรีรัมย์,ตำบลบ้านยาง,19,220,143,3,9
200,district/ontime/อำเภอเมืองบุรีรัมย์/ตำบลบ้านยาง_39,อำเภอเมืองบุรีรัมย์,ตำบลบ้านยาง,20,600,374,15,10
201,district/ontime/อำเภอเมืองบุรีรัมย์/ตำบลบ้านยาง_41,อำเภอเมืองบุรีรัมย์,ตำบลบ้านยาง,21,460,280,12,2
202,district/ontime/อำเภอเมืองบุรีรัมย์/ตำบลบ้านยาง_43,อำเภอเมืองบุรีรัมย์,ตำบลบ้านยาง,22,420,293,262,9
203,district/ontime/อำเภอเมืองบุรีรัมย์/ตำบลพระครู_1,อำเภอเมืองบุรีรัมย์,ตำบลพระครู,1,540,337,11,12
204,district/ontime/อำเภอเมืองบุรีรัมย์/ตำบลพระครู_3,อำเภอเมืองบุรีรัมย์,ตำบลพระครู,2,320,202,9,7
205,district/ontime/อำเภอเมืองบุรีรัมย์/ตำบลพระครู_5,อำเภอเมืองบุรีรัมย์,ตำบลพระครู,3,560,332,22,10
206,district/ontime/อำเภอเมืองบุรีรัมย์/ตำบลพระครู_7,อำเภอเมืองบุรีรัมย์,ตำบลพระครู,4,560,356,18,6
207,district/ontime/อำเภอเมืองบุรีรัมย์/ตำบลพระครู_9,อำเภอเมืองบุรีรัมย์,ตำบลพระครู,5,540,304,7,7
208,district/ontime/อำเภอเมืองบุรีรัมย์/ตำบลพระครู_11,อำเภอเมืองบุรีรัมย์,ตำบลพระครู,6,700,461,424,20
209,district/ontime/อำเภอเมืองบุรีรัมย์/ตำบลพระครู_13,อำเภอเมืองบุรีรัมย์,ตำบลพระครู,7,500,292,17,6
210,district/ontime/อำเภอเมืองบุรีรัมย์/ตำบลพระครู_15,อำเภอเมืองบุรีรัมย์,ตำบลพระครู,8,400,211,187,0
211,district/ontime/อำเภอเมืองบุรีรัมย์/ตำบลพระครู_17,อำเภอเมืองบุรีรัมย์,ตำบลพระครู,9,640,331,19,14
212,district/ontime/อำเภอเมืองบุรีรัมย์/ตำบลพระครู_19,อำเภอเมืองบุรีรัมย์,ตำบลพระครู,10,360,239,218,9
213,district/ontime/อำเภอเมืองบุรีรัมย์/ตำบลพระครู_21,อำเภอเมืองบุรีรัมย์,ตำบลพระครู,11,300,146,11,4
214,district/ontime/อำเภอเมืองบุรีรัมย์/ตำบลลุมปุ๊ก_1,อำเภอเมืองบุรีรัมย์,ตำบลลุมปุ๊ก,1,640,410,240,9
215,district/ontime/อำเภอเมืองบุรีรัมย์/ตำบลลุมปุ๊ก_3,อำเภอเมืองบุรีรัมย์,ตำบลลุมปุ๊ก,2,320,199,5,7
216,district/ontime/อำเภอเมืองบุรีรัมย์/ตำบลลุมปุ๊ก_5,อำเภอเมืองบุรีรัมย์,ตำบลลุมปุ๊ก,3,400,226,10,3
217,district/ontime/อำเภอเมืองบุรีรัมย์/ตำบลลุมปุ๊ก_7,อำเภอเมืองบุรีรัมย์,ตำบลลุมปุ๊ก,4,500,244,12,1
218,district/ontime/อำเภอเมืองบุรีรัมย์/ตำบลลุมปุ๊ก_9,อำเภอเมืองบุรีรัมย์,ตำบลลุมปุ๊ก,5,480,218,163,5
219,district/ontime/อำเภอเมืองบุรีรัมย์/ตำบลลุมปุ๊ก_11,อำเภอเมืองบุรีรัมย์,ตำบลลุมปุ๊ก,6,260,145,2,0
220,district/ontime/อำเภอเมืองบุรีรัมย์/ตำบลลุมปุ๊ก_13,อำเภอเมืองบุรีรัมย์,ตำบลลุมปุ๊ก,7,360,231,10,2
221,district/ontime/อำเภอเมืองบุรีรัมย์/ตำบลลุมปุ๊ก_15,อำเภอเมืองบุรีรัมย์,ตำบลลุมปุ๊ก,8,260,147,6,5
222,district/ontime/อำเภอเมืองบุรีรัมย์/ตำบลลุมปุ๊ก_17,อำเภอเมืองบุรีรัมย์,ตำบลลุมปุ๊ก,9,360,219,10,0
223,district/ontime/อำเภอเมืองบุรีรัมย์/ตำบลลุมปุ๊ก_19,อำเภอเมืองบุรีรัมย์,ตำบลลุมปุ๊ก,10,500,239,10,2
224,district/ontime/อำเภอเมืองบุรีรัมย์/ตำบลลุมปุ๊ก_21,อำเภอเมืองบุรีรัมย์,ตำบลลุมปุ๊ก,11,280,139,8,8
225,district/ontime/อำเภอเมืองบุรีรัมย์/ตำบลลุมปุ๊ก_23,อำเภอเมืองบุรีรัมย์,ตำบลลุมปุ๊ก,12,230,181,4,3
226,district/ontime/อำเภอเมืองบุรีรัมย์/ตำบลลุมปุ๊ก_25,อำเภอเมืองบุรีรัมย์,ตำบลลุมปุ๊ก,13,200,167,5,3
227,district/ontime/อำเภอเมืองบุรีรัมย์/ตำบลลุมปุ๊ก_27,อำเภอเมืองบุรีรัมย์,ตำบลลุมปุ๊ก,14,280,170,17,9
228,district/ontime/อำเภอเมืองบุรีรัมย์/ตำบลลุมปุ๊ก_29,อำเภอเมืองบุรีรัมย์,ตำบลลุมปุ๊ก,15,400,280,12,10
229,district/ontime/อำเภอเมืองบุรีรัมย์/ตำบลลุมปุ๊ก_31,อำเภอเมืองบุรีรัมย์,ตำบลลุมปุ๊ก,16,200,147,2,1
230,district/ontime/อำเภอเมืองบุรีรัมย์/ตำบลลุมปุ๊ก_33,อำเภอเมืองบุรีรัมย์,ตำบลลุมปุ๊ก,17,240,146,8,2
231,district/ontime/อำเภอเมืองบุรีรัมย์/ตำบลลุมปุ๊ก_35,อำเภอเมืองบุรีรัมย์,ตำบลลุมปุ๊ก,18,360,196,4,2
232,district/ontime/อำเภอเมืองบุรีรัมย์/ตำบลลุมปุ๊ก_37,อำเภอเมืองบุรีรัมย์,ตำบลลุมปุ๊ก,19,360,186,8,2
233,district/ontime/อำเภอเมืองบุรีรัมย์/ตำบลสะแกโพรง_1,อำเภอเมืองบุรีรัมย์,ตำบลสะแกโพรง,1,500,276,14,13
234,district/ontime/อำเภอเมืองบุรีรัมย์/ตำบลสะแกโพรง_3,อำเภอเมืองบุรีรัมย์,ตำบลสะแกโพรง,2,460,285,14,6
235,district/ontime/อำเภอเมืองบุรีรัมย์/ตำบลสะแกโพรง_5,อำเภอเมืองบุรีรัมย์,ตำบลสะแกโพรง,3,620,369,21,7
236,district/ontime/อำเภอเมืองบุรีรัมย์/ตำบลสะแกโพรง_7,อำเภอเมืองบุรีรัมย์,ตำบลสะแกโพรง,4,520,283,9,8
237,district/ontime/อำเภอเมืองบุรีรัมย์/ตำบลสะแกโพรง_9,อำเภอเมืองบุรีรัมย์,ตำบลสะแกโพรง,5,740,367,35,5
238,district/ontime/อำเภอเมืองบุรีรัมย์/ตำบลสะแกโพรง_11,อำเภอเมืองบุรีรัมย์,ตำบลสะแกโพรง,6,260,163,4,4
239,district/ontime/อำเภอเมืองบุรีรัมย์/ตำบลสะแกโพรง_13,อำเภอเมืองบุรีรัมย์,ตำบลสะแกโพรง,7,500,284,11,11
240,district/ontime/อำเภอเมืองบุรีรัมย์/ตำบลสะแกโพรง_15,อำเภอเมืองบุรีรัมย์,ตำบลสะแกโพรง,8,380,234,11,5
241,district/ontime/อำเภอเมืองบุรีรัมย์/ตำบลสะแกโพรง_17,อำเภอเมืองบุรีรัมย์,ตำบลสะแกโพรง,9,520,301,13,4
242,district/ontime/อำเภอเมืองบุรีรัมย์/ตำบลสะแกโพรง_19,อำเภอเมืองบุรีรัมย์,ตำบลสะแกโพรง,10,520,341,84,3
243,district/ontime/อำเภอเมืองบุรีรัมย์/ตำบลสะแกโพรง_21,อำเภอเมืองบุรีรัมย์,ตำบลสะแกโพรง,11,500,310,13,10
244,district/ontime/อำเภอเมืองบุรีรัมย์/ตำบลสะแกโพรง_23,อำเภอเมืองบุรีรัมย์,ตำบลสะแกโพรง,12,340,231,8,3
245,district/ontime/อำเภอเมืองบุรีรัมย์/ตำบลสะแกโพรง_25,อำเภอเมืองบุรีรัมย์,ตำบลสะแกโพรง,13,520,316,13,11
246,district/ontime/อำเภอเมืองบุรีรัมย์/ตำบลสะแกโพรง_27,อำเภอเมืองบุรีรัมย์,ตำบลสะแกโพรง,14,340,151,7,10
247,district/ontime/อำเภอเมืองบุรีรัมย์/ตำบลสะแกโพรง_29,อำเภอเมืองบุรีรัมย์,ตำบลสะแกโพรง,15,240,159,43,21
248,district/ontime/อำเภอเมืองบุรีรัมย์/ตำบลสะแกโพรง_31,อำเภอเมืองบุรีรัมย์,ตำบลสะแกโพรง,16,680,420,18,1
249,district/ontime/อำเภอเมืองบุรีรัมย์/ตำบลสะแกโพรง_33,อำเภอเมืองบุรีรัมย์,ตำบลสะแกโพรง,17,260,141,6,1
250,district/ontime/อำเภอเมืองบุรีรัมย์/ตำบลสะแกโพรง_35,อำเภอเมืองบุรีรัมย์,ตำบลสะแกโพรง,18,260,186,178,5
251,district/ontime/อำเภอเมืองบุรีรัมย์/ตำบลสะแกโพรง_37,อำเภอเมืองบุรีรัมย์,ตำบลสะแกโพรง,19,400,272,7,3
252,district/ontime/อำเภอเมืองบุรีรัมย์/ตำบลสะแกโพรง_39,อำเภอเมืองบุรีรัมย์,ตำบลสะแกโพรง,20,460,259,13,2
253,district/ontime/อำเภอเมืองบุรีรัมย์/ตำบลสะแกโพรง_41,อำเภอเมืองบุรีรัมย์,ตำบลสะแกโพรง,21,280,179,8,2
254,district/ontime/อำเภอเมืองบุรีรัมย์/ตำบลสะแกโพรง_43,อำเภอเมืองบุรีรัมย์,ตำบลสะแกโพรง,22,400,235,7,8
255,district/ontime/อำเภอเมืองบุรีรัมย์/ตำบลสะแกโพรง_45,อำเภอเมืองบุรีรัมย์,ตำบลสะแกโพรง,23,340,212,8,5
256,district/ontime/อำเภอเมืองบุรีรัมย์/ตำบลสะแกโพรง_47,อำเภอเมืองบุรีรัมย์,ตำบลสะแกโพรง,24,440,254,241,10
257,district/ontime/อำเภอเมืองบุรีรัมย์/ตำบลหนองตาด_1,อำเภอเมืองบุรีรัมย์,ตำบลหนองตาด,1,480,255,17,5
258,district/ontime/อำเภอเมืองบุรีรัมย์/ตำบลหนองตาด_3,อำเภอเมืองบุรีรัมย์,ตำบลหนองตาด,2,480,297,13,6
259,district/ontime/อำเภอเมืองบุรีรัมย์/ตำบลหนองตาด_5,อำเภอเมืองบุรีรัมย์,ตำบลหนองตาด,3,480,270,17,9
260,district/ontime/อำเภอเมืองบุรีรัมย์/ตำบลหนองตาด_7,อำเภอเมืองบุรีรัมย์,ตำบลหนองตาด,4,640,376,22,20
261,district/ontime/อำเภอเมืองบุรีรัมย์/ตำบลหนองตาด_9,อำเภอเมืองบุรีรัมย์,ตำบลหนองตาด,5,380,246,195,3
262,district/ontime/อำเภอเมืองบุรีรัมย์/ตำบลหนองตาด_11,อำเภอเมืองบุรีรัมย์,ตำบลหนองตาด,6,380,225,201,14
263,district/ontime/อำเภอเมืองบุรีรัมย์/ตำบลหนองตาด_13,อำเภอเมืองบุรีรัมย์,ตำบลหนองตาด,7,460,265,10,4818
264,district/ontime/อำเภอเมืองบุรีรัมย์/ตำบลหนองตาด_15,อำเภอเมืองบุรีรัมย์,ตำบลหนองตาด,8,260,173,12,10
265,district/ontime/อำเภอเมืองบุรีรัมย์/ตำบลหนองตาด_17,อำเภอเมืองบุรีรัมย์,ตำบลหนองตาด,9,440,303,12,8
266,district/ontime/อำเภอเมืองบุรีรัมย์/ตำบลหนองตาด_19,อำเภอเมืองบุรีรัมย์,ตำบลหนองตาด,10,620,347,23,25
267,district/ontime/อำเภอเมืองบุรีรัมย์/ตำบลหนองตาด_21,อำเภอเมืองบุรีรัมย์,ตำบลหนองตาด,11,340,232,16,3
268,district/ontime/อำเภอเมืองบุรีรัมย์/ตำบลหนองตาด_23,อำเภอเมืองบุรีรัมย์,ตำบลหนองตาด,12,320,141,8,7
269,district/ontime/อำเภอเมืองบุรีรัมย์/ตำบลหนองตาด_25,อำเภอเมืองบุรีรัมย์,ตำบลหนองตาด,13,400,254,18,6
270,district/ontime/อำเภอเมืองบุรีรัมย์/ตำบลหนองตาด_27,อำเภอเมืองบุรีรัมย์,ตำบลหนองตาด,14,500,299,19,14
271,district/ontime/อำเภอเมืองบุรีรัมย์/ตำบลหนองตาด_29,อำเภอเมืองบุรีรัมย์,ตำบลหนองตาด,15,180,83,7,4
272,district/ontime/อำเภอเมืองบุรีรัมย์/ตำบลหนองตาด_31,อำเภอเมืองบุรีรัมย์,ตำบลหนองตาด,16,620,375,21,19
273,district/ontime/อำเภอเมืองบุรีรัมย์/ตำบลหนองตาด_33,อำเภอเมืองบุรีรัมย์,ตำบลหนองตาด,17,240,145,10,2
274,district/ontime/อำเภอเมืองบุรีรัมย์/ตำบลหนองตาด_35,อำเภอเมืองบุรีรัมย์,ตำบลหนองตาด,18,480,274,17,3
275,district/ontime/อำเภอเมืองบุรีรัมย์/ตำบลหนองตาด_37,อำเภอเมืองบุรีรัมย์,ตำบลหนองตาด,19,200,131,4,3
276,district/ontime/อำเภอเมืองบุรีรัมย์/ตำบลหนองตาด_39,อำเภอเมืองบุรีรัมย์,ตำบลหนองตาด,20,420,256,10,9
277,district/ontime/อำเภอเมืองบุรีรัมย์/ตำบลหนองตาด_41,อำเภอเมืองบุรีรัมย์,ตำบลหนองตาด,21,440,287,15,11
278,district/ontime/อำเภอเมืองบุรีรัมย์/ตำบลหนองตาด_43,อำเภอเมืองบุรีรัมย์,ตำบลหนองตาด,22,400,212,15,9
