,unit_key,อำเภอ,ตำบล,หน่วย,ผู้มีสิทธิ,ผู้มาใช้สิทธิ,บัตรเสีย
0,referendum/outside/อส 4-7 นอกเขตออกเสียง_1,ไม่ทราบ,ไม่ทราบ,ไม่ทราบ,796,590,0
1,referendum/outside/อส 4-7 นอกเขตออกเสียง_3,ไม่ทราบ,ไม่ทราบ,ไม่ทราบ,792,569,5
2,referendum/inside/อำเภอบ้านด่าน/ตำบลบ้านด่าน_1,อำเภอบ้านด่าน,ตำบลบ้านด่าน,1,910,100,29
3,referendum/inside/อำเภอบ้านด่าน/ตำบลบ้านด่าน_3,อำเภอบ้านด่าน,ตำบลบ้านด่าน,2,521,342,17
4,referendum/inside/อำเภอบ้านด่าน/ตำบลบ้านด่าน_5,อำเภอบ้านด่าน,ตำบลบ้านด่าน,3,523,0,14
5,referendum/inside/อำเภอบ้านด่าน/ตำบลบ้านด่าน_7,อำเภอบ้านด่าน,ตำบลบ้านด่าน,4,273,362,23
6,referendum/inside/อำเภอบ้านด่าน/ตำบลบ้านด่าน_9,อำเภอบ้านด่าน,ตำบลบ้านด่าน,5,270,274,3
7,referendum/inside/อำเภอบ้านด่าน/ตำบลบ้านด่าน_11,อำเภอบ้านด่าน,ตำบลบ้านด่าน,6,400,265,3
8,referendum/inside/อำเภอบ้านด่าน/ตำบลบ้านด่าน_13,อำเภอบ้านด่าน,ตำบลบ้านด่าน,7,453,308,11
9,referendum/inside/อำเภอบ้านด่าน/ตำบลบ้านด่าน_15,อำเภอบ้านด่าน,ตำบลบ้านด่าน,8,479,0,11
10,referendum/inside/อำเภอบ้านด่าน/ตำบลบ้านด่าน_17,อำเภอบ้านด่าน,ตำบลบ้านด่าน,9,629,377,12
11,referendum/inside/อำเภอบ้านด่าน/ตำบลบ้านด่าน_19,อำเภอบ้านด่าน,ตำบลบ้านด่าน,10,310,154,8
12,referendum/inside/อำเภอบ้านด่าน/ตำบลบ้านด่าน_21,อำเภอบ้านด่าน,ตำบลบ้านด่าน,11,295,295,6
13,referendum/inside/อำเภอบ้านด่าน/ตำบลบ้านด่าน_23,อำเภอบ้านด่าน,ตำบลบ้านด่าน,12,443,280,7
14,referendum/inside/อำเภอบ้านด่าน/ตำบลบ้านด่าน_25,อำเภอบ้านด่าน,ตำบลบ้านด่าน,13,731,445,22
15,referendum/inside/อำเภอบ้านด่าน/ตำบลบ้านด่าน_27,อำเภอบ้านด่าน,ตำบลบ้านด่าน,14,637,350,12
16,referendum/inside/อำเภอบ้านด่าน/ตำบลบ้านด่าน_29,อำเภอบ้านด่าน,ตำบลบ้านด่าน,15,180,235,12
17,referendum/inside/อำเภอบ้านด่าน/ตำบลบ้านด่าน_31,อำเภอบ้านด่าน,ตำบลบ้านด่าน,16,397,252,12
18,referendum/inside/อำเภอบ้านด่าน/ตำบลบ้านด่าน_33,อำเภอบ้านด่าน,ตำบลบ้านด่าน,17,212,134,4
19,referendum/inside/อำเภอบ้านด่าน/ตำบลบ้านด่าน_35,อำเภอบ้านด่าน,ตำบลบ้านด่าน,18,20,144,5
20,referendum/inside/อำเภอบ้านด่าน/ตำบลบ้านด่าน_37,อำเภอบ้านด่าน,ตำบลบ้านด่าน,19,723,414,24
21,referendum/inside/อำเภอบ้านด่าน/ตำบลบ้านด่าน_39,อำเภอบ้านด่าน,ตำบลบ้านด่าน,20,300,191,9
22,referendum/inside/อำเภอบ้านด่าน/ตำบลปราสาท_1,อำเภอบ้านด่าน,ตำบลปราสาท,1,203,287,14
23,referendum/inside/อำเภอบ้านด่าน/ตำบลปราสาท_3,อำเภอบ้านด่าน,ตำบลปราสาท,2,652,970,20
24,referendum/inside/อำเภอบ้านด่าน/ตำบลปราสาท_5,อำเภอบ้านด่าน,ตำบลปราสาท,3,869,0,4
25,referendum/inside/อำเภอบ้านด่าน/ตำบลปราสาท_7,อำเภอบ้านด่าน,ตำบลปราสาท,4,308,308,20
26,referendum/inside/อำเภอบ้านด่าน/ตำบลปราสาท_9,อำเภอบ้านด่าน,ตำบลปราสาท,5,243,130,5
27,referendum/inside/อำเภอบ้านด่าน/ตำบลปราสาท_11,อำเภอบ้านด่าน,ตำบลปราสาท,6,204,139,3
28,referendum/inside/อำเภอบ้านด่าน/ตำบลปราสาท_13,อำเภอบ้านด่าน,ตำบลปราสาท,7,417,0,5
29,referendum/inside/อำเภอบ้านด่าน/ตำบลปราสาท_15,อำเภอบ้านด่าน,ตำบลปราสาท,8,572,323,19
30,referendum/inside/อำเภอบ้านด่าน/ตำบลปราสาท_17,อำเภอบ้านด่าน,ตำบลปราสาท,9,502,289,11
31,referendum/inside/อำเภอบ้านด่าน/ตำบลปราสาท_19,อำเภอบ้านด่าน,ตำบลปราสาท,10,469,469,22
32,referendum/inside/อำเภอบ้านด่าน/ตำบลปราสาท_21,อำเภอบ้านด่าน,ตำบลปราสาท,11,517,317,10
33,referendum/inside/อำเภอบ้านด่าน/ตำบลปราสาท_23,อำเภอบ้านด่าน,ตำบลปราสาท,12,344,0,5
34,referendum/inside/อำเภอบ้านด่าน/ตำบลปราสาท_25,อำเภอบ้านด่าน,ตำบลปราสาท,13,447,274,12
35,referendum/inside/อำเภอบ้านด่าน/ตำบลปราสาท_27,อำเภอบ้านด่าน,ตำบลปราสาท,14,283,223,15
36,referendum/inside/อำเภอบ้านด่าน/ตำบลปราสาท_29,อำเภอบ้านด่าน,ตำบลปราสาท,15,26,0,4
37,referendum/inside/อำเภอบ้านด่าน/ตำบลปราสาท_31,อำเภอบ้านด่าน,ตำบลปราสาท,16,253,160,3
38,referendum/inside/อำเภอเมืองบุรีรัมย์/ตำบลกระสัง_1,อำเภอเมืองบุรีรัมย์,ตำบลกระสัง,1,444,926,5
39,referendum/inside/อำเภอเมืองบุรีรัมย์/ตำบลกระสัง_3,อำเภอเมืองบุรีรัมย์,ตำบลกระสัง,2,360,511,17
40,referendum/inside/อำเภอเมืองบุรีรัมย์/ตำบลกระสัง_5,อำเภอเมืองบุรีรัมย์,ตำบลกระสัง,3,167,0,13
41,referendum/inside/อำเภอเมืองบุรีรัมย์/ตำบลกระสัง_7,อำเภอเมืองบุรีรัมย์,ตำบลกระสัง,4,275,200,11
42,referendum/inside/อำเภอเมืองบุรีรัมย์/ตำบลกระสัง_9,อำเภอเมืองบุรีรัมย์,ตำบลกระสัง,5,361,204,7
43,referendum/inside/อำเภอเมืองบุรีรัมย์/ตำบลกระสัง_11,อำเภอเมืองบุรีรัมย์,ตำบลกระสัง,6,277,175,9
44,referendum/inside/อำเภอเมืองบุรีรัมย์/ตำบลกระสัง_13,อำเภอเมืองบุรีรัมย์,ตำบลกระสัง,7,651,0,17
45,referendum/inside/อำเภอเมืองบุรีรัมย์/ตำบลกระสัง_15,อำเภอเมืองบุรีรัมย์,ตำบลกระสัง,8,395,320,13
46,referendum/inside/อำเภอเมืองบุรีรัมย์/ตำบลกระสัง_17,อำเภอเมืองบุรีรัมย์,ตำบลกระสัง,9,893,288,16
47,referendum/inside/อำเภอเมืองบุรีรัมย์/ตำบลกระสัง_19,อำเภอเมืองบุรีรัมย์,ตำบลกระสัง,10,580,0,9
48,referendum/inside/อำเภอเมืองบุรีรัมย์/ตำบลกระสัง_21,อำเภอเมืองบุรีรัมย์,ตำบลกระสัง,11,311,0,8
49,referendum/inside/อำเภอเมืองบุรีรัมย์/ตำบลกระสัง_23,อำเภอเมืองบุรีรัมย์,ตำบลกระสัง,12,483,274,10
50,referendum/inside/อำเภอเมืองบุรีรัมย์/ตำบลกระสัง_25,อำเภอเมืองบุรีรัมย์,ตำบลกระสัง,13,475,354,11
51,referendum/inside/อำเภอเมืองบุรีรัมย์/ตำบลกระสัง_27,อำเภอเมืองบุรีรัมย์,ตำบลกระสัง,14,260,192,5
52,referendum/inside/อำเภอเมืองบุรีรัมย์/ตำบลกลันทา_1,อำเภอเมืองบุรีรัมย์,ตำบลกลันทา,1,578,407,8
53,referendum/inside/อำเภอเมืองบุรีรัมย์/ตำบลกลันทา_3,อำเภอเมืองบุรีรัมย์,ตำบลกลันทา,2,390,402,101
54,referendum/inside/อำเภอเมืองบุรีรัมย์/ตำบลกลันทา_5,อำเภอเมืองบุรีรัมย์,ตำบลกลันทา,3,47,242,2
55,referendum/inside/อำเภอเมืองบุรีรัมย์/ตำบลกลันทา_7,อำเภอเมืองบุรีรัมย์,ตำบลกลันทา,4,620,0,12
56,referendum/inside/อำเภอเมืองบุรีรัมย์/ตำบลกลันทา_9,อำเภอเมืองบุรีรัมย์,ตำบลกลันทา,5,13,215,9
57,referendum/inside/อำเภอเมืองบุรีรัมย์/ตำบลกลันทา_11,อำเภอเมืองบุรีรัมย์,ตำบลกลันทา,6,693,396,25
58,referendum/inside/อำเภอเมืองบุรีรัมย์/ตำบลกลันทา_13,อำเภอเมืองบุรีรัมย์,ตำบลกลันทา,7,638,394,18
59,referendum/inside/อำเภอเมืองบุรีรัมย์/ตำบลกลันทา_15,อำเภอเมืองบุรีรัมย์,ตำบลกลันทา,8,312,167,5
60,referendum/inside/อำเภอเมืองบุรีรัมย์/ตำบลกลันทา_17,อำเภอเมืองบุรีรัมย์,ตำบลกลันทา,9,11,0,8
61,referendum/inside/อำเภอเมืองบุรีรัมย์/ตำบลกลันทา_19,อำเภอเมืองบุรีรัมย์,ตำบลกลันทา,10,220,134,3
62,referendum/inside/อำเภอเมืองบุรีรัมย์/ตำบลกลันทา_21,อำเภอเมืองบุรีรัมย์,ตำบลกลันทา,11,253,118,3
63,referendum/inside/อำเภอเมืองบุรีรัมย์/ตำบลกลันทา_23,อำเภอเมืองบุรีรัมย์,ตำบลกลันทา,12,217,131,3
64,referendum/inside/อำเภอเมืองบุรีรัมย์/ตำบลกลันทา_25,อำเภอเมืองบุรีรัมย์,ตำบลกลันทา,13,301,193,10
65,referendum/inside/อำเภอเมืองบุรีรัมย์/ตำบลชุมเห็ด_1,อำเภอเมืองบุรีรัมย์,ตำบลชุมเห็ด,1,775,322,9
66,referendum/inside/อำเภอเมืองบุรีรัมย์/ตำบลชุมเห็ด_3,อำเภอเมืองบุรีรัมย์,ตำบลชุมเห็ด,2,239,267,13
67,referendum/inside/อำเภอเมืองบุรีรัมย์/ตำบลชุมเห็ด_5,อำเภอเมืองบุรีรัมย์,ตำบลชุมเห็ด,3,487,320,7
68,referendum/inside/อำเภอเมืองบุรีรัมย์/ตำบลชุมเห็ด_7,อำเภอเมืองบุรีรัมย์,ตำบลชุมเห็ด,4,350,350,4
69,referendum/inside/อำเภอเมืองบุรีรัมย์/ตำบลชุมเห็ด_9,อำเภอเมืองบุรีรัมย์,ตำบลชุมเห็ด,5,492,302,10
70,referendum/inside/อำเภอเมืองบุรีรัมย์/ตำบลชุมเห็ด_11,อำเภอเมืองบุรีรัมย์,ตำบลชุมเห็ด,6,486,320,16
71,referendum/inside/อำเภอเมืองบุรีรัมย์/ตำบลชุมเห็ด_13,อำเภอเมืองบุรีรัมย์,ตำบลชุมเห็ด,7,591,373,11
72,referendum/inside/อำเภอเมืองบุรีรัมย์/ตำบลชุมเห็ด_15,อำเภอเมืองบุรีรัมย์,ตำบลชุมเห็ด,8,569,442,9
73,referendum/inside/อำเภอเมืองบุรีรัมย์/ตำบลชุมเห็ด_17,อำเภอเมืองบุรีรัมย์,ตำบลชุมเห็ด,9,403,241,9
74,referendum/inside/อำเภอเมืองบุรีรัมย์/ตำบลชุมเห็ด_19,อำเภอเมืองบุรีรัมย์,ตำบลชุมเห็ด,10,22,274,5
75,referendum/inside/อำเภอเมืองบุรีรัมย์/ตำบลชุมเห็ด_21,อำเภอเมืองบุรีรัมย์,ตำบลชุมเห็ด,11,310,310,25
76,referendum/inside/อำเภอเมืองบุรีรัมย์/ตำบลชุมเห็ด_23,อำเภอเมืองบุรีรัมย์,ตำบลชุมเห็ด,12,65,591,15
77,referendum/inside/อำเภอเมืองบุรีรัมย์/ตำบลชุมเห็ด_25,อำเภอเมืองบุรีรัมย์,ตำบลชุมเห็ด,13,258,472,19
78,referendum/inside/อำเภอเมืองบุรีรัมย์/ตำบลชุมเห็ด_27,อำเภอเมืองบุรีรัมย์,ตำบลชุมเห็ด,14,224,556,11
79,referendum/inside/อำเภอเมืองบุรีรัมย์/ตำบลชุมเห็ด_29,อำเภอเมืองบุรีรัมย์,ตำบลชุมเห็ด,15,697,422,13
80,referendum/inside/อำเภอเมืองบุรีรัมย์/ตำบลชุมเห็ด_31,อำเภอเมืองบุรีรัมย์,ตำบลชุมเห็ด,16,552,402,9
81,referendum/inside/อำเภอเมืองบุรีรัมย์/ตำบลชุมเห็ด_33,อำเภอเมืองบุรีรัมย์,ตำบลชุมเห็ด,17,533,417,2
82,referendum/inside/อำเภอเมืองบุรีรัมย์/ตำบลชุมเห็ด_35,อำเภอเมืองบุรีรัมย์,ตำบลชุมเห็ด,18,226,116,10
83,referendum/inside/อำเภอเมืองบุรีรัมย์/ตำบลชุมเห็ด_37,อำเภอเมืองบุรีรัมย์,ตำบลชุมเห็ด,19,340,263,15
84,referendum/inside/อำเภอเมืองบุรีรัมย์/ตำบลชุมเห็ด_39,อำเภอเมืองบุรีรัมย์,ตำบลชุมเห็ด,20,53,0,14
85,referendum/inside/อำเภอเมืองบุรีรัมย์/ตำบลชุมเห็ด_41,อำเภอเมืองบุรีรัมย์,ตำบลชุมเห็ด,21,676,473,16
86,referendum/inside/อำเภอเมืองบุรีรัมย์/ตำบลชุมเห็ด_43,อำเภอเมืองบุรีรัมย์,ตำบลชุมเห็ด,22,39,149,6
87,referendum/inside/อำเภอเมืองบุรีรัมย์/ตำบลชุมเห็ด_45,อำเภอเมืองบุรีรัมย์,ตำบลชุมเห็ด,23,2563,297,8
88,referendum/inside/อำเภอเมืองบุรีรัมย์/ตำบลชุมเห็ด_47,อำเภอเมืองบุรีรัมย์,ตำบลชุมเห็ด,24,475,0,7
89,referendum/inside/อำเภอเมืองบุรีรัมย์/ตำบลชุมเห็ด_49,อำเภอเมืองบุรีรัมย์,ตำบลชุมเห็ด,25,227,0,9
90,referendum/inside/อำเภอเมืองบุรีรัมย์/ตำบลชุมเห็ด_51,อำเภอเมืองบุรีรัมย์,ตำบลชุมเห็ด,26,15,326,4
91,referendum/inside/อำเภอเมืองบุรีรัมย์/ตำบลชุมเห็ด_53,อำเภอเมืองบุรีรัมย์,ตำบลชุมเห็ด,27,49,395,1
92,referendum/inside/อำเภอเมืองบุรีรัมย์/ตำบลชุมเห็ด_55,อำเภอเมืองบุรีรัมย์,ตำบลชุมเห็ด,28,470,345,2
93,referendum/inside/อำเภอเมืองบุรีรัมย์/ตำบลชุมเห็ด_57,อำเภอเมืองบุรีรัมย์,ตำบลชุมเห็ด,29,453,303,18
94,referendum/inside/อำเภอเมืองบุรีรัมย์/ตำบลชุมเห็ด_59,อำเภอเมืองบุรีรัมย์,ตำบลชุมเห็ด,30,2567,321,19
95,referendum/inside/อำเภอเมืองบุรีรัมย์/ตำบลชุมเห็ด_61,อำเภอเมืองบุรีรัมย์,ตำบลชุมเห็ด,31,677,484,19
96,referendum/inside/อำเภอเมืองบุรีรัมย์/ตำบลถลุงเหล็ก_1,อำเภอเมืองบุรีรัมย์,ตำบลถลุงเหล็ก,1,370,208,3
97,referendum/inside/อำเภอเมืองบุรีรัมย์/ตำบลถลุงเหล็ก_3,อำเภอเมืองบุรีรัมย์,ตำบลถลุงเหล็ก,2,329,183,4
98,referendum/inside/อำเภอเมืองบุรีรัมย์/ตำบลถลุงเหล็ก_5,อำเภอเมืองบุรีรัมย์,ตำบลถลุงเหล็ก,3,260,156,1
99,referendum/inside/อำเภอเมืองบุรีรัมย์/ตำบลถลุงเหล็ก_7,อำเภอเมืองบุรีรัมย์,ตำบลถลุงเหล็ก,4,496,0,4
100,referendum/inside/อำเภอเมืองบุรีรัมย์/ตำบลถลุงเหล็ก_9,อำเภอเมืองบุรีรัมย์,ตำบลถลุงเหล็ก,5,227,135,1
101,referendum/inside/อำเภอเมืองบุรีรัมย์/ตำบลถลุงเหล็ก_11,อำเภอเมืองบุรีรัมย์,ตำบลถลุงเหล็ก,6,350,229,5
102,referendum/inside/อำเภอเมืองบุรีรัมย์/ตำบลถลุงเหล็ก_13,อำเภอเมืองบุรีรัมย์,ตำบลถลุงเหล็ก,7,66,341,8
103,referendum/inside/อำเภอเมืองบุรีรัมย์/ตำบลถลุงเหล็ก_15,อำเภอเมืองบุรีรัมย์,ตำบลถลุงเหล็ก,8,22,148,1
104,referendum/inside/อำเภอเมืองบุรีรัมย์/ตำบลถลุงเหล็ก_17,อำเภอเมืองบุรีรัมย์,ตำบลถลุงเหล็ก,9,27,211,5
105,referendum/inside/อำเภอเมืองบุรีรัมย์/ตำบลถลุงเหล็ก_19,อำเภอเมืองบุรีรัมย์,ตำบลถลุงเหล็ก,10,240,175,15
106,referendum/inside/อำเภอเมืองบุรีรัมย์/ตำบลถลุงเหล็ก_21,อำเภอเมืองบุรีรัมย์,ตำบลถลุงเหล็ก,11,333,0,3
107,referendum/inside/อำเภอเมืองบุรีรัมย์/ตำบลถลุงเหล็ก_23,อำเภอเมืองบุรีรัมย์,ตำบลถลุงเหล็ก,12,457,231,1
108,referendum/inside/อำเภอเมืองบุรีรัมย์/ตำบลถลุงเหล็ก_25,อำเภอเมืองบุรีรัมย์,ตำบลถลุงเหล็ก,13,34,222,8
109,referendum/inside/อำเภอเมืองบุรีรัมย์/ตำบลถลุงเหล็ก_27,อำเภอเมืองบุรีรัมย์,ตำบลถลุงเหล็ก,14,221,134,2
110,referendum/inside/อำเภอเมืองบุรีรัมย์/ตำบลในเมือง_1,อำเภอเมืองบุรีรัมย์,ตำบลในเมือง,1,756,3,9
111,referendum/inside/อำเภอเมืองบุรีรัมย์/ตำบลในเมือง_3,อำเภอเมืองบุรีรัมย์,ตำบลในเมือง,2,440,302,13
112,referendum/inside/อำเภอเมืองบุรีรัมย์/ตำบลในเมือง_5,อำเภอเมืองบุรีรัมย์,ตำบลในเมือง,3,217,257,12
113,referendum/inside/อำเภอเมืองบุรีรัมย์/ตำบลในเมือง_7,อำเภอเมืองบุรีรัมย์,ตำบลในเมือง,4,513,241,1
114,referendum/inside/อำเภอเมืองบุรีรัมย์/ตำบลในเมือง_9,อำเภอเมืองบุรีรัมย์,ตำบลในเมือง,5,248,372,14
115,referendum/inside/อำเภอเมืองบุรีรัมย์/ตำบลในเมือง_11,อำเภอเมืองบุรีรัมย์,ตำบลในเมือง,6,503,287,2
116,referendum/inside/อำเภอเมืองบุรีรัมย์/ตำบลในเมือง_13,อำเภอเมืองบุรีรัมย์,ตำบลในเมือง,7,229,300,9
117,referendum/inside/อำเภอเมืองบุรีรัมย์/ตำบลในเมือง_15,อำเภอเมืองบุรีรัมย์,ตำบลในเมือง,8,567,897,5
118,referendum/inside/อำเภอเมืองบุรีรัมย์/ตำบลในเมือง_17,อำเภอเมืองบุรีรัมย์,ตำบลในเมือง,9,598,364,3
119,referendum/inside/อำเภอเมืองบุรีรัมย์/ตำบลในเมือง_19,อำเภอเมืองบุรีรัมย์,ตำบลในเมือง,10,267,275,0
120,referendum/inside/อำเภอเมืองบุรีรัมย์/ตำบลในเมือง_21,อำเภอเมืองบุรีรัมย์,ตำบลในเมือง,11,140,270,3
121,referendum/inside/อำเภอเมืองบุรีรัมย์/ตำบลในเมือง_23,อำเภอเมืองบุรีรัมย์,ตำบลในเมือง,12,469,277,8
122,referendum/inside/อำเภอเมืองบุรีรัมย์/ตำบลในเมือง_25,อำเภอเมืองบุรีรัมย์,ตำบลในเมือง,13,415,264,12
123,referendum/inside/อำเภอเมืองบุรีรัมย์/ตำบลในเมือง_27,อำเภอเมืองบุรีรัมย์,ตำบลในเมือง,14,587,442,6
124,referendum/inside/อำเภอเมืองบุรีรัมย์/ตำบลในเมือง_29,อำเภอเมืองบุรีรัมย์,ตำบลในเมือง,15,443,319,7
125,referendum/inside/อำเภอเมืองบุรีรัมย์/ตำบลในเมือง_31,อำเภอเมืองบุรีรัมย์,ตำบลในเมือง,16,455,322,4
126,referendum/inside/อำเภอเมืองบุรีรัมย์/ตำบลในเมือง_33,อำเภอเมืองบุรีรัมย์,ตำบลในเมือง,17,346,264,2
127,referendum/inside/อำเภอเมืองบุรีรัมย์/ตำบลในเมือง_35,อำเภอเมืองบุรีรัมย์,ตำบลในเมือง,18,554,360,8
128,referendum/inside/อำเภอเมืองบุรีรัมย์/ตำบลในเมือง_37,อำเภอเมืองบุรีรัมย์,ตำบลในเมือง,19,547,357,7
129,referendum/inside/อำเภอเมืองบุรีรัมย์/ตำบลในเมือง_39,อำเภอเมืองบุรีรัมย์,ตำบลในเมือง,20,207,0,3
130,referendum/inside/อำเภอเมืองบุรีรัมย์/ตำบลในเมือง_41,อำเภอเมืองบุรีรัมย์,ตำบลในเมือง,21,398,0,4
131,referendum/inside/อำเภอเมืองบุรีรัมย์/ตำบลในเมือง_43,อำเภอเมืองบุรีรัมย์,ตำบลในเมือง,22,485,305,4
132,referendum/inside/อำเภอเมืองบุรีรัมย์/ตำบลในเมือง_45,อำเภอเมืองบุรีรัมย์,ตำบลในเมือง,23,680,452,2
133,referendum/inside/อำเภอเมืองบุรีรัมย์/ตำบลในเมือง_47,อำเภอเมืองบุรีรัมย์,ตำบลในเมือง,24,529,355,4
134,referendum/inside/อำเภอเมืองบุรีรัมย์/ตำบลในเมือง_49,อำเภอเมืองบุรีรัมย์,ตำบลในเมือง,25,890,566,10
135,referendum/inside/อำเภอเมืองบุรีรัมย์/ตำบลในเมือง_51,อำเภอเมืองบุรีรัมย์,ตำบลในเมือง,26,592,384,1
136,referendum/inside/อำเภอเมืองบุรีรัมย์/ตำบลในเมือง_53,อำเภอเมืองบุรีรัมย์,ตำบลในเมือง,27,778,0,15
137,referendum/inside/อำเภอเมืองบุรีรัมย์/ตำบลในเมือง_55,อำเภอเมืองบุรีรัมย์,ตำบลในเมือง,28,719,0,10
138,referendum/inside/อำเภอเมืองบุรีรัมย์/ตำบลในเมือง_57,อำเภอเมืองบุรีรัมย์,ตำบลในเมือง,29,778,544,13
139,referendum/inside/อำเภอเมืองบุรีรัมย์/ตำบลในเมือง_59,อำเภอเมืองบุรีรัมย์,ตำบลในเมือง,30,800,350,11
140,referendum/inside/อำเภอเมืองบุรีรัมย์/ตำบลในเมือง_61,อำเภอเมืองบุรีรัมย์,ตำบลในเมือง,31,527,514,10
141,referendum/inside/อำเภอเมืองบุรีรัมย์/ตำบลบัวทอง_1,อำเภอเมืองบุรีรัมย์,ตำบลบัวทอง,1,718,410,14
142,referendum/inside/อำเภอเมืองบุรีรัมย์/ตำบลบัวทอง_3,อำเภอเมืองบุรีรัมย์,ตำบลบัวทอง,2,415,0,8
143,referendum/inside/อำเภอเมืองบุรีรัมย์/ตำบลบัวทอง_5,อำเภอเมืองบุรีรัมย์,ตำบลบัวทอง,3,210,0,2
144,referendum/inside/อำเภอเมืองบุรีรัมย์/ตำบลบัวทอง_7,อำเภอเมืองบุรีรัมย์,ตำบลบัวทอง,4,516,331,20
145,referendum/inside/อำเภอเมืองบุรีรัมย์/ตำบลบัวทอง_9,อำเภอเมืองบุรีรัมย์,ตำบลบัวทอง,5,428,259,11
146,referendum/inside/อำเภอเมืองบุรีรัมย์/ตำบลบัวทอง_11,อำเภอเมืองบุรีรัมย์,ตำบลบัวทอง,6,440,268,18
147,referendum/inside/อำเภอเมืองบุรีรัมย์/ตำบลบัวทอง_13,อำเภอเมืองบุรีรัมย์,ตำบลบัวทอง,7,672,365,1
148,referendum/inside/อำเภอเมืองบุรีรัมย์/ตำบลบัวทอง_15,อำเภอเมืองบุรีรัมย์,ตำบลบัวทอง,8,220,128,8
149,referendum/inside/อำเภอเมืองบุรีรัมย์/ตำบลบัวทอง_17,อำเภอเมืองบุรีรัมย์,ตำบลบัวทอง,9,479,277,3
150,referendum/inside/อำเภอเมืองบุรีรัมย์/ตำบลบัวทอง_19,อำเภอเมืองบุรีรัมย์,ตำบลบัวทอง,10,213,774,9
151,referendum/inside/อำเภอเมืองบุรีรัมย์/ตำบลบัวทอง_21,อำเภอเมืองบุรีรัมย์,ตำบลบัวทอง,11,273,0,13
152,referendum/inside/อำเภอเมืองบุรีรัมย์/ตำบลบัวทอง_23,อำเภอเมืองบุรีรัมย์,ตำบลบัวทอง,12,308,0,7
153,referendum/inside/อำเภอเมืองบุรีรัมย์/ตำบลบัวทอง_25,อำเภอเมืองบุรีรัมย์,ตำบลบัวทอง,13,597,248,18
154,referendum/inside/อำเภอเมืองบุรีรัมย์/ตำบลบัวทอง_27,อำเภอเมืองบุรีรัมย์,ตำบลบัวทอง,14,226,165,8
155,referendum/inside/อำเภอเมืองบุรีรัมย์/ตำบลบ้านบัว_1,อำเภอเมืองบุรีรัมย์,ตำบลบ้านบัว,1,379,313,9
156,referendum/inside/อำเภอเมืองบุรีรัมย์/ตำบลบ้านบัว_3,อำเภอเมืองบุรีรัมย์,ตำบลบ้านบัว,2,2563,0,16
157,referendum/inside/อำเภอเมืองบุรีรัมย์/ตำบลบ้านบัว_5,อำเภอเมืองบุรีรัมย์,ตำบลบ้านบัว,3,552,413,23
158,referendum/inside/อำเภอเมืองบุรีรัมย์/ตำบลบ้านบัว_7,อำเภอเมืองบุรีรัมย์,ตำบลบ้านบัว,4,257,488,16
159,referendum/inside/อำเภอเมืองบุรีรัมย์/ตำบลบ้านบัว_9,อำเภอเมืองบุรีรัมย์,ตำบลบ้านบัว,5,238,171,5
160,referendum/inside/อำเภอเมืองบุรีรัมย์/ตำบลบ้านบัว_11,อำเภอเมืองบุรีรัมย์,ตำบลบ้านบัว,6,390,282,9
161,referendum/inside/อำเภอเมืองบุรีรัมย์/ตำบลบ้านบัว_13,อำเภอเมืองบุรีรัมย์,ตำบลบ้านบัว,7,593,393,10
162,referendum/inside/อำเภอเมืองบุรีรัมย์/ตำบลบ้านบัว_15,อำเภอเมืองบุรีรัมย์,ตำบลบ้านบัว,8,653,288,5
163,referendum/inside/อำเภอเมืองบุรีรัมย์/ตำบลบ้านบัว_17,อำเภอเมืองบุรีรัมย์,ตำบลบ้านบัว,9,268,367,12
164,referendum/inside/อำเภอเมืองบุรีรัมย์/ตำบลบ้านบัว_19,อำเภอเมืองบุรีรัมย์,ตำบลบ้านบัว,10,532,375,19
165,referendum/inside/อำเภอเมืองบุรีรัมย์/ตำบลบ้านบัว_21,อำเภอเมืองบุรีรัมย์,ตำบลบ้านบัว,11,548,408,12
166,referendum/inside/อำเภอเมืองบุรีรัมย์/ตำบลบ้านบัว_23,อำเภอเมืองบุรีรัมย์,ตำบลบ้านบัว,12,97,197,17
167,referendum/inside/อำเภอเมืองบุรีรัมย์/ตำบลบ้านบัว_25,อำเภอเมืองบุรีรัมย์,ตำบลบ้านบัว,13,417,417,24
168,referendum/inside/อำเภอเมืองบุรีรัมย์/ตำบลบ้านบัว_27,อำเภอเมืองบุรีรัมย์,ตำบลบ้านบัว,14,560,428,19
169,referendum/inside/อำเภอเมืองบุรีรัมย์/ตำบลบ้านบัว_29,อำเภอเมืองบุรีรัมย์,ตำบลบ้านบัว,15,312,312,4
170,referendum/inside/อำเภอเมืองบุรีรัมย์/ตำบลบ้านบัว_31,อำเภอเมืองบุรีรัมย์,ตำบลบ้านบัว,16,169,128,5
171,referendum/inside/อำเภอเมืองบุรีรัมย์/ตำบลบ้านบัว_33,อำเภอเมืองบุรีรัมย์,ตำบลบ้านบัว,17,260,186,12
172,referendum/inside/อำเภอเมืองบุรีรัมย์/ตำบลบ้านบัว_35,อำเภอเมืองบุรีรัมย์,ตำบลบ้านบัว,18,24623,351,10
173,referendum/inside/อำเภอเมืองบุรีรัมย์/ตำบลบ้านบัว_37,อำเภอเมืองบุรีรัมย์,ตำบลบ้านบัว,19,457,335,8
174,referendum/inside/อำเภอเมืองบุรีรัมย์/ตำบลบ้านยาง_1,อำเภอเมืองบุรีรัมย์,ตำบลบ้านยาง,1,753,460,23
175,referendum/inside/อำเภอเมืองบุรีรัมย์/ตำบลบ้านยาง_3,อำเภอเมืองบุรีรัมย์,ตำบลบ้านยาง,2,433,290,211
176,referendum/inside/อำเภอเมืองบุรีรัมย์/ตำบลบ้านยาง_5,อำเภอเมืองบุรีรัมย์,ตำบลบ้านยาง,3,492,209,4
177,referendum/inside/อำเภอเมืองบุรีรัมย์/ตำบลบ้านยาง_7,อำเภอเมืองบุรีรัมย์,ตำบลบ้านยาง,4,740,498,55
178,referendum/inside/อำเภอเมืองบุรีรัมย์/ตำบลบ้านยาง_9,อำเภอเมืองบุรีรัมย์,ตำบลบ้านยาง,5,323,222,5
179,referendum/inside/อำเภอเมืองบุรีรัมย์/ตำบลบ้านยาง_11,อำเภอเมืองบุรีรัมย์,ตำบลบ้านยาง,6,195,198,15
180,referendum/inside/อำเภอเมืองบุรีรัมย์/ตำบลบ้านยาง_13,อำเภอเมืองบุรีรัมย์,ตำบลบ้านยาง,7,723,523,11
181,referendum/inside/อำเภอเมืองบุรีรัมย์/ตำบลบ้านยาง_15,อำเภอเมืองบุรีรัมย์,ตำบลบ้านยาง,8,361,208,3
182,referendum/inside/อำเภอเมืองบุรีรัมย์/ตำบลบ้านยาง_17,อำเภอเมืองบุรีรัมย์,ตำบลบ้านยาง,9,702,469,6
183,referendum/inside/อำเภอเมืองบุรีรัมย์/ตำบลบ้านยาง_19,อำเภอเมืองบุรีรัมย์,ตำบลบ้านยาง,10,336,231,3
184,referendum/inside/อำเภอเมืองบุรีรัมย์/ตำบลบ้านยาง_21,อำเภอเมืองบุรีรัมย์,ตำบลบ้านยาง,11,532,346,5
185,referendum/inside/อำเภอเมืองบุรีรัมย์/ตำบลบ้านยาง_23,อำเภอเมืองบุรีรัมย์,ตำบลบ้านยาง,12,350,249,8
186,referendum/inside/อำเภอเมืองบุรีรัมย์/ตำบลบ้านยาง_25,อำเภอเมืองบุรีรัมย์,ตำบลบ้านยาง,13,650,445,2
187,referendum/inside/อำเภอเมืองบุรีรัมย์/ตำบลบ้านยาง_27,อำเภอเมืองบุรีรัมย์,ตำบลบ้านยาง,14,128,255,10
188,referendum/inside/อำเภอเมืองบุรีรัมย์/ตำบลบ้านยาง_29,อำเภอเมืองบุรีรัมย์,ตำบลบ้านยาง,15,410,0,7
189,referendum/inside/อำเภอเมืองบุรีรัมย์/ตำบลบ้านยาง_31,อำเภอเมืองบุรีรัมย์,ตำบลบ้านยาง,16,25,0,11
190,referendum/inside/อำเภอเมืองบุรีรัมย์/ตำบลบ้านยาง_33,อำเภอเมืองบุรีรัมย์,ตำบลบ้านยาง,17,780,439,22
191,referendum/inside/อำเภอเมืองบุรีรัมย์/ตำบลบ้านยาง_35,อำเภอเมืองบุรีรัมย์,ตำบลบ้านยาง,18,29,420,16
192,referendum/inside/อำเภอเมืองบุรีรัมย์/ตำบลบ้านยาง_37,อำเภอเมืองบุรีรัมย์,ตำบลบ้านยาง,19,47,158,1
193,referendum/inside/อำเภอเมืองบุรีรัมย์/ตำบลบ้านยาง_39,อำเภอเมืองบุรีรัมย์,ตำบลบ้านยาง,20,696,400,13
194,referendum/inside/อำเภอเมืองบุรีรัมย์/ตำบลบ้านยาง_41,อำเภอเมืองบุรีรัมย์,ตำบลบ้านยาง,21,956,292,7
195,referendum/inside/อำเภอเมืองบุรีรัมย์/ตำบลบ้านยาง_43,อำเภอเมืองบุรีรัมย์,ตำบลบ้านยาง,22,436,294,9
196,referendum/inside/อำเภอเมืองบุรีรัมย์/ตำบลพระครู_1,อำเภอเมืองบุรีรัมย์,ตำบลพระครู,1,556,359,18
197,referendum/inside/อำเภอเมืองบุรีรัมย์/ตำบลพระครู_3,อำเภอเมืองบุรีรัมย์,ตำบลพระครู,2,338,219,12
198,referendum/inside/อำเภอเมืองบุรีรัมย์/ตำบลพระครู_5,อำเภอเมืองบุรีรัมย์,ตำบลพระครู,3,591,0,7
199,referendum/inside/อำเภอเมืองบุรีรัมย์/ตำบลพระครู_7,อำเภอเมืองบุรีรัมย์,ตำบลพระครู,4,572,381,9
200,referendum/inside/อำเภอเมืองบุรีรัมย์/ตำบลพระครู_9,อำเภอเมืองบุรีรัมย์,ตำบลพระครู,5,251,328,14
201,referendum/inside/อำเภอเมืองบุรีรัมย์/ตำบลพระครู_11,อำเภอเมืองบุรีรัมย์,ตำบลพระครู,6,702,462,15
202,referendum/inside/อำเภอเมืองบุรีรัมย์/ตำบลพระครู_13,อำเภอเมืองบุรีรัมย์,ตำบลพระครู,7,522,315,11
203,referendum/inside/อำเภอเมืองบุรีรัมย์/ตำบลพระครู_15,อำเภอเมืองบุรีรัมย์,ตำบลพระครู,8,91,21,0
204,referendum/inside/อำเภอเมืองบุรีรัมย์/ตำบลพระครู_17,อำเภอเมืองบุรีรัมย์,ตำบลพระครู,9,672,0,19
205,referendum/inside/อำเภอเมืองบุรีรัมย์/ตำบลพระครู_19,อำเภอเมืองบุรีรัมย์,ตำบลพระครู,10,373,239,5
206,referendum/inside/อำเภอเมืองบุรีรัมย์/ตำบลพระครู_21,อำเภอเมืองบุรีรัมย์,ตำบลพระครู,11,161,0,4
207,referendum/inside/อำเภอเมืองบุรีรัมย์/ตำบลลุมปุ๊ก_1,อำเภอเมืองบุรีรัมย์,ตำบลลุมปุ๊ก,1,2564,153,79
208,referendum/inside/อำเภอเมืองบุรีรัมย์/ตำบลลุมปุ๊ก_3,อำเภอเมืองบุรีรัมย์,ตำบลลุมปุ๊ก,2,322,0,4
209,referendum/inside/อำเภอเมืองบุรีรัมย์/ตำบลลุมปุ๊ก_5,อำเภอเมืองบุรีรัมย์,ตำบลลุมปุ๊ก,3,403,0,3
210,referendum/inside/อำเภอเมืองบุรีรัมย์/ตำบลลุมปุ๊ก_7,อำเภอเมืองบุรีรัมย์,ตำบลลุมปุ๊ก,4,811,257,11
211,referendum/inside/อำเภอเมืองบุรีรัมย์/ตำบลลุมปุ๊ก_9,อำเภอเมืองบุรีรัมย์,ตำบลลุมปุ๊ก,5,232,230,8
212,referendum/inside/อำเภอเมืองบุรีรัมย์/ตำบลลุมปุ๊ก_11,อำเภอเมืองบุรีรัมย์,ตำบลลุมปุ๊ก,6,257,147,2
213,referendum/inside/อำเภอเมืองบุรีรัมย์/ตำบลลุมปุ๊ก_13,อำเภอเมืองบุรีรัมย์,ตำบลลุมปุ๊ก,7,380,244,7
214,referendum/inside/อำเภอเมืองบุรีรัมย์/ตำบลลุมปุ๊ก_15,อำเภอเมืองบุรีรัมย์,ตำบลลุมปุ๊ก,8,252,158,2
215,referendum/inside/อำเภอเมืองบุรีรัมย์/ตำบลลุมปุ๊ก_17,อำเภอเมืองบุรีรัมย์,ตำบลลุมปุ๊ก,9,367,224,6
216,referendum/inside/อำเภอเมืองบุรีรัมย์/ตำบลลุมปุ๊ก_19,อำเภอเมืองบุรีรัมย์,ตำบลลุมปุ๊ก,10,516,951,7
217,referendum/inside/อำเภอเมืองบุรีรัมย์/ตำบลลุมปุ๊ก_21,อำเภอเมืองบุรีรัมย์,ตำบลลุมปุ๊ก,11,265,153,13
218,referendum/inside/อำเภอเมืองบุรีรัมย์/ตำบลลุมปุ๊ก_23,อำเภอเมืองบุรีรัมย์,ตำบลลุมปุ๊ก,12,275,183,3
219,referendum/inside/อำเภอเมืองบุรีรัมย์/ตำบลลุมปุ๊ก_25,อำเภอเมืองบุรีรัมย์,ตำบลลุมปุ๊ก,13,165,175,45
220,referendum/inside/อำเภอเมืองบุรีรัมย์/ตำบลลุมปุ๊ก_27,อำเภอเมืองบุรีรัมย์,ตำบลลุมปุ๊ก,14,301,195,7
221,referendum/inside/อำเภอเมืองบุรีรัมย์/ตำบลลุมปุ๊ก_29,อำเภอเมืองบุรีรัมย์,ตำบลลุมปุ๊ก,15,22,303,1
222,referendum/inside/อำเภอเมืองบุรีรัมย์/ตำบลลุมปุ๊ก_31,อำเภอเมืองบุรีรัมย์,ตำบลลุมปุ๊ก,16,203,145,3
223,referendum/inside/อำเภอเมืองบุรีรัมย์/ตำบลลุมปุ๊ก_33,อำเภอเมืองบุรีรัมย์,ตำบลลุมปุ๊ก,17,236,0,4
224,referendum/inside/อำเภอเมืองบุรีรัมย์/ตำบลลุมปุ๊ก_35,อำเภอเมืองบุรีรัมย์,ตำบลลุมปุ๊ก,18,369,202,7
225,referendum/inside/อำเภอเมืองบุรีรัมย์/ตำบลลุมปุ๊ก_37,อำเภอเมืองบุรีรัมย์,ตำบลลุมปุ๊ก,19,368,196,8
226,referendum/inside/อำเภอเมืองบุรีรัมย์/ตำบลสะแกโพรง_1,อำเภอเมืองบุรีรัมย์,ตำบลสะแกโพรง,1,239,304,9
227,referendum/inside/อำเภอเมืองบุรีรัมย์/ตำบลสะแกโพรง_3,อำเภอเมืองบุรีรัมย์,ตำบลสะแกโพรง,2,469,287,11
228,referendum/inside/อำเภอเมืองบุรีรัมย์/ตำบลสะแกโพรง_5,อำเภอเมืองบุรีรัมย์,ตำบลสะแกโพรง,3,629,397,11
229,referendum/inside/อำเภอเมืองบุรีรัมย์/ตำบลสะแกโพรง_7,อำเภอเมืองบุรีรัมย์,ตำบลสะแกโพรง,4,520,290,14
230,referendum/inside/อำเภอเมืองบุรีรัมย์/ตำบลสะแกโพรง_9,อำเภอเมืองบุรีรัมย์,ตำบลสะแกโพรง,5,697,407,24
231,referendum/inside/อำเภอเมืองบุรีรัมย์/ตำบลสะแกโพรง_11,อำเภอเมืองบุรีรัมย์,ตำบลสะแกโพรง,6,169,169,8
232,referendum/inside/อำเภอเมืองบุรีรัมย์/ตำบลสะแกโพรง_13,อำเภอเมืองบุรีรัมย์,ตำบลสะแกโพรง,7,560,305,11
233,referendum/inside/อำเภอเมืองบุรีรัมย์/ตำบลสะแกโพรง_15,อำเภอเมืองบุรีรัมย์,ตำบลสะแกโพรง,8,119,246,5
234,referendum/inside/อำเภอเมืองบุรีรัมย์/ตำบลสะแกโพรง_17,อำเภอเมืองบุรีรัมย์,ตำบลสะแกโพรง,9,558,316,4
235,referendum/inside/อำเภอเมืองบุรีรัมย์/ตำบลสะแกโพรง_19,อำเภอเมืองบุรีรัมย์,ตำบลสะแกโพรง,10,527,324,5
236,referendum/inside/อำเภอเมืองบุรีรัมย์/ตำบลสะแกโพรง_21,อำเภอเมืองบุรีรัมย์,ตำบลสะแกโพรง,11,504,333,18
237,referendum/inside/อำเภอเมืองบุรีรัมย์/ตำบลสะแกโพรง_23,อำเภอเมืองบุรีรัมย์,ตำบลสะแกโพรง,12,119,242,5
238,referendum/inside/อำเภอเมืองบุรีรัมย์/ตำบลสะแกโพรง_25,อำเภอเมืองบุรีรัมย์,ตำบลสะแกโพรง,13,22,341,16
239,referendum/inside/อำเภอเมืองบุรีรัมย์/ตำบลสะแกโพรง_27,อำเภอเมืองบุรีรัมย์,ตำบลสะแกโพรง,14,325,203,5
240,referendum/inside/อำเภอเมืองบุรีรัมย์/ตำบลสะแกโพรง_29,อำเภอเมืองบุรีรัมย์,ตำบลสะแกโพรง,15,26,162,5
241,referendum/inside/อำเภอเมืองบุรีรัมย์/ตำบลสะแกโพรง_31,อำเภอเมืองบุรีรัมย์,ตำบลสะแกโพรง,16,692,474,15
242,referendum/inside/อำเภอเมืองบุรีรัมย์/ตำบลสะแกโพรง_33,อำเภอเมืองบุรีรัมย์,ตำบลสะแกโพรง,17,261,149,2
243,referendum/inside/อำเภอเมืองบุรีรัมย์/ตำบลสะแกโพรง_35,อำเภอเมืองบุรีรัมย์,ตำบลสะแกโพรง,18,29,186,26
244,referendum/inside/อำเภอเมืองบุรีรัมย์/ตำบลสะแกโพรง_37,อำเภอเมืองบุรีรัมย์,ตำบลสะแกโพรง,19,404,283,5
245,referendum/inside/อำเภอเมืองบุรีรัมย์/ตำบลสะแกโพรง_39,อำเภอเมืองบุรีรัมย์,ตำบลสะแกโพรง,20,470,974,7
246,referendum/inside/อำเภอเมืองบุรีรัมย์/ตำบลสะแกโพรง_41,อำเภอเมืองบุรีรัมย์,ตำบลสะแกโพรง,21,283,170,5
247,referendum/inside/อำเภอเมืองบุรีรัมย์/ตำบลสะแกโพรง_43,อำเภอเมืองบุรีรัมย์,ตำบลสะแกโพรง,22,427,252,5
248,referendum/inside/อำเภอเมืองบุรีรัมย์/ตำบลสะแกโพรง_45,อำเภอเมืองบุรีรัมย์,ตำบลสะแกโพรง,23,182,225,8
249,referendum/inside/อำเภอเมืองบุรีรัมย์/ตำบลสะแกโพรง_47,อำเภอเมืองบุรีรัมย์,ตำบลสะแกโพรง,24,0,0,7
250,referendum/inside/อำเภอเมืองบุรีรัมย์/ตำบลหนองตาด_1,อำเภอเมืองบุรีรัมย์,ตำบลหนองตาด,1,476,277,15
251,referendum/inside/อำเภอเมืองบุรีรัมย์/ตำบลหนองตาด_3,อำเภอเมืองบุรีรัมย์,ตำบลหนองตาด,2,480,317,13
252,referendum/inside/อำเภอเมืองบุรีรัมย์/ตำบลหนองตาด_5,อำเภอเมืองบุรีรัมย์,ตำบลหนองตาด,3,493,148,9
253,referendum/inside/อำเภอเมืองบุรีรัมย์/ตำบลหนองตาด_7,อำเภอเมืองบุรีรัมย์,ตำบลหนองตาด,4,338,297,23
254,referendum/inside/อำเภอเมืองบุรีรัมย์/ตำบลหนองตาด_9,อำเภอเมืองบุรีรัมย์,ตำบลหนองตาด,5,380,261,10
255,referendum/inside/อำเภอเมืองบุรีรัมย์/ตำบลหนองตาด_11,อำเภอเมืองบุรีรัมย์,ตำบลหนองตาด,6,389,225,18
256,referendum/inside/อำเภอเมืองบุรีรัมย์/ตำบลหนองตาด_13,อำเภอเมืองบุรีรัมย์,ตำบลหนองตาด,7,468,289,20
257,referendum/inside/อำเภอเมืองบุรีรัมย์/ตำบลหนองตาด_15,อำเภอเมืองบุรีรัมย์,ตำบลหนองตาด,8,128,195,7
258,referendum/inside/อำเภอเมืองบุรีรัมย์/ตำบลหนองตาด_17,อำเภอเมืองบุรีรัมย์,ตำบลหนองตาด,9,429,323,10
259,referendum/inside/อำเภอเมืองบุรีรัมย์/ตำบลหนองตาด_19,อำเภอเมืองบุรีรัมย์,ตำบลหนองตาด,10,62,396,14
260,referendum/inside/อำเภอเมืองบุรีรัมย์/ตำบลหนองตาด_21,อำเภอเมืองบุรีรัมย์,ตำบลหนองตาด,11,342,251,5
261,referendum/inside/อำเภอเมืองบุรีรัมย์/ตำบลหนองตาด_23,อำเภอเมืองบุรีรัมย์,ตำบลหนองตาด,12,350,196,18
262,referendum/inside/อำเภอเมืองบุรีรัมย์/ตำบลหนองตาด_25,อำเภอเมืองบุรีรัมย์,ตำบลหนองตาด,13,421,278,19
263,referendum/inside/อำเภอเมืองบุรีรัมย์/ตำบลหนองตาด_27,อำเภอเมืองบุรีรัมย์,ตำบลหนองตาด,14,146,332,14
264,referendum/inside/อำเภอเมืองบุรีรัมย์/ตำบลหนองตาด_29,อำเภอเมืองบุรีรัมย์,ตำบลหนองตาด,15,179,94,3
265,referendum/inside/อำเภอเมืองบุรีรัมย์/ตำบลหนองตาด_31,อำเภอเมืองบุรีรัมย์,ตำบลหนองตาด,16,625,417,14
266,referendum/inside/อำเภอเมืองบุรีรัมย์/ตำบลหนองตาด_33,อำเภอเมืองบุรีรัมย์,ตำบลหนองตาด,17,160,160,11
267,referendum/inside/อำเภอเมืองบุรีรัมย์/ตำบลหนองตาด_35,อำเภอเมืองบุรีรัมย์,ตำบลหนองตาด,18,486,0,11
268,referendum/inside/อำเภอเมืองบุรีรัมย์/ตำบลหนองตาด_37,อำเภอเมืองบุรีรัมย์,ตำบลหนองตาด,19,213,138,2
269,referendum/inside/อำเภอเมืองบุรีรัมย์/ตำบลหนองตาด_39,อำเภอเมืองบุรีรัมย์,ตำบลหนองตาด,20,535,256,6
270,referendum/inside/อำเภอเมืองบุรีรัมย์/ตำบลหนองตาด_41,อำเภอเมืองบุรีรัมย์,ตำบลหนองตาด,21,459,313,11
271,referendum/inside/อำเภอเมืองบุรีรัมย์/ตำบลหนองตาด_43,อำเภอเมืองบุรีรัมย์,ตำบลหนองตาด,22,198,236,9
