,unit_key,อำเภอ,ตำบล,หน่วย,รายการ,คะแนน
0,referendum/outside/อส 4-7 นอกเขตออกเสียง_1,ไม่ทราบ,ไม่ทราบ,ไม่ทราบ,เห็นชอบ,415
1,referendum/outside/อส 4-7 นอกเขตออกเสียง_1,ไม่ทราบ,ไม่ทราบ,ไม่ทราบ,ไม่เห็นชอบ,158
2,referendum/outside/อส 4-7 นอกเขตออกเสียง_1,ไม่ทราบ,ไม่ทราบ,ไม่ทราบ,ไม่แสดงความคิดเห็น,17
3,referendum/outside/อส 4-7 นอกเขตออกเสียง_3,ไม่ทราบ,ไม่ทราบ,ไม่ทราบ,เห็นชอบ,459
4,referendum/outside/อส 4-7 นอกเขตออกเสียง_3,ไม่ทราบ,ไม่ทราบ,ไม่ทราบ,ไม่เห็นชอบ,95
5,referendum/outside/อส 4-7 นอกเขตออกเสียง_3,ไม่ทราบ,ไม่ทราบ,ไม่ทราบ,ไม่แสดงความคิดเห็น,10
6,referendum/inside/อำเภอบ้านด่าน/ตำบลบ้านด่าน_1,อำเภอบ้านด่าน,ตำบลบ้านด่าน,1,เห็นชอบ,355
7,referendum/inside/อำเภอบ้านด่าน/ตำบลบ้านด่าน_1,อำเภอบ้านด่าน,ตำบลบ้านด่าน,1,ไม่เห็นชอบ,286
8,referendum/inside/อำเภอบ้านด่าน/ตำบลบ้านด่าน_1,อำเภอบ้านด่าน,ตำบลบ้านด่าน,1,ไม่แสดงความคิดเห็น,36
9,referendum/inside/อำเภอบ้านด่าน/ตำบลบ้านด่าน_3,อำเภอบ้านด่าน,ตำบลบ้านด่าน,2,เห็นชอบ,163
10,referendum/inside/อำเภอบ้านด่าน/ตำบลบ้านด่าน_3,อำเภอบ้านด่าน,ตำบลบ้านด่าน,2,ไม่เห็นชอบ,131
11,referendum/inside/อำเภอบ้านด่าน/ตำบลบ้านด่าน_3,อำเภอบ้านด่าน,ตำบลบ้านด่าน,2,ไม่แสดงความคิดเห็น,31
12,referendum/inside/อำเภอบ้านด่าน/ตำบลบ้านด่าน_5,อำเภอบ้านด่าน,ตำบลบ้านด่าน,3,เห็นชอบ,139
13,referendum/inside/อำเภอบ้านด่าน/ตำบลบ้านด่าน_5,อำเภอบ้านด่าน,ตำบลบ้านด่าน,3,ไม่เห็นชอบ,145
14,referendum/inside/อำเภอบ้านด่าน/ตำบลบ้านด่าน_5,อำเภอบ้านด่าน,ตำบลบ้านด่าน,3,ไม่แสดงความคิดเห็น,35
15,referendum/inside/อำเภอบ้านด่าน/ตำบลบ้านด่าน_7,อำเภอบ้านด่าน,ตำบลบ้านด่าน,4,เห็นชอบ,166
16,referendum/inside/อำเภอบ้านด่าน/ตำบลบ้านด่าน_7,อำเภอบ้านด่าน,ตำบลบ้านด่าน,4,ไม่เห็นชอบ,137
17,referendum/inside/อำเภอบ้านด่าน/ตำบลบ้านด่าน_7,อำเภอบ้านด่าน,ตำบลบ้านด่าน,4,ไม่แสดงความคิดเห็น,36
18,referendum/inside/อำเภอบ้านด่าน/ตำบลบ้านด่าน_9,อำเภอบ้านด่าน,ตำบลบ้านด่าน,5,เห็นชอบ,111
19,referendum/inside/อำเภอบ้านด่าน/ตำบลบ้านด่าน_9,อำเภอบ้านด่าน,ตำบลบ้านด่าน,5,ไม่เห็นชอบ,271
20,referendum/inside/อำเภอบ้านด่าน/ตำบลบ้านด่าน_9,อำเภอบ้านด่าน,ตำบลบ้านด่าน,5,ไม่แสดงความคิดเห็น,8
21,referendum/inside/อำเภอบ้านด่าน/ตำบลบ้านด่าน_11,อำเภอบ้านด่าน,ตำบลบ้านด่าน,6,เห็นชอบ,161
22,referendum/inside/อำเภอบ้านด่าน/ตำบลบ้านด่าน_11,อำเภอบ้านด่าน,ตำบลบ้านด่าน,6,ไม่เห็นชอบ,83
23,referendum/inside/อำเภอบ้านด่าน/ตำบลบ้านด่าน_11,อำเภอบ้านด่าน,ตำบลบ้านด่าน,6,ไม่แสดงความคิดเห็น,18
24,referendum/inside/อำเภอบ้านด่าน/ตำบลบ้านด่าน_13,อำเภอบ้านด่าน,ตำบลบ้านด่าน,7,เห็นชอบ,141
25,referendum/inside/อำเภอบ้านด่าน/ตำบลบ้านด่าน_13,อำเภอบ้านด่าน,ตำบลบ้านด่าน,7,ไม่เห็นชอบ,130
26,referendum/inside/อำเภอบ้านด่าน/ตำบลบ้านด่าน_13,อำเภอบ้านด่าน,ตำบลบ้านด่าน,7,ไม่แสดงความคิดเห็น,26
27,referendum/inside/อำเภอบ้านด่าน/ตำบลบ้านด่าน_15,อำเภอบ้านด่าน,ตำบลบ้านด่าน,8,เห็นชอบ,151
28,referendum/inside/อำเภอบ้านด่าน/ตำบลบ้านด่าน_15,อำเภอบ้านด่าน,ตำบลบ้านด่าน,8,ไม่เห็นชอบ,106
29,referendum/inside/อำเภอบ้านด่าน/ตำบลบ้านด่าน_15,อำเภอบ้านด่าน,ตำบลบ้านด่าน,8,ไม่แสดงความคิดเห็น,35
30,referendum/inside/อำเภอบ้านด่าน/ตำบลบ้านด่าน_17,อำเภอบ้านด่าน,ตำบลบ้านด่าน,9,เห็นชอบ,169
31,referendum/inside/อำเภอบ้านด่าน/ตำบลบ้านด่าน_17,อำเภอบ้านด่าน,ตำบลบ้านด่าน,9,ไม่เห็นชอบ,181
32,referendum/inside/อำเภอบ้านด่าน/ตำบลบ้านด่าน_17,อำเภอบ้านด่าน,ตำบลบ้านด่าน,9,ไม่แสดงความคิดเห็น,35
33,referendum/inside/อำเภอบ้านด่าน/ตำบลบ้านด่าน_19,อำเภอบ้านด่าน,ตำบลบ้านด่าน,10,เห็นชอบ,95
34,referendum/inside/อำเภอบ้านด่าน/ตำบลบ้านด่าน_19,อำเภอบ้านด่าน,ตำบลบ้านด่าน,10,ไม่เห็นชอบ,66
35,referendum/inside/อำเภอบ้านด่าน/ตำบลบ้านด่าน_19,อำเภอบ้านด่าน,ตำบลบ้านด่าน,10,ไม่แสดงความคิดเห็น,15
36,referendum/inside/อำเภอบ้านด่าน/ตำบลบ้านด่าน_21,อำเภอบ้านด่าน,ตำบลบ้านด่าน,11,เห็นชอบ,103
37,referendum/inside/อำเภอบ้านด่าน/ตำบลบ้านด่าน_21,อำเภอบ้านด่าน,ตำบลบ้านด่าน,11,ไม่เห็นชอบ,84
38,referendum/inside/อำเภอบ้านด่าน/ตำบลบ้านด่าน_21,อำเภอบ้านด่าน,ตำบลบ้านด่าน,11,ไม่แสดงความคิดเห็น,14
39,referendum/inside/อำเภอบ้านด่าน/ตำบลบ้านด่าน_23,อำเภอบ้านด่าน,ตำบลบ้านด่าน,12,เห็นชอบ,133
40,referendum/inside/อำเภอบ้านด่าน/ตำบลบ้านด่าน_23,อำเภอบ้านด่าน,ตำบลบ้านด่าน,12,ไม่เห็นชอบ,126
41,referendum/inside/อำเภอบ้านด่าน/ตำบลบ้านด่าน_23,อำเภอบ้านด่าน,ตำบลบ้านด่าน,12,ไม่แสดงความคิดเห็น,34
42,referendum/inside/อำเภอบ้านด่าน/ตำบลบ้านด่าน_25,อำเภอบ้านด่าน,ตำบลบ้านด่าน,13,เห็นชอบ,250
43,referendum/inside/อำเภอบ้านด่าน/ตำบลบ้านด่าน_25,อำเภอบ้านด่าน,ตำบลบ้านด่าน,13,ไม่เห็นชอบ,142
44,referendum/inside/อำเภอบ้านด่าน/ตำบลบ้านด่าน_25,อำเภอบ้านด่าน,ตำบลบ้านด่าน,13,ไม่แสดงความคิดเห็น,31
45,referendum/inside/อำเภอบ้านด่าน/ตำบลบ้านด่าน_27,อำเภอบ้านด่าน,ตำบลบ้านด่าน,14,เห็นชอบ,137
46,referendum/inside/อำเภอบ้านด่าน/ตำบลบ้านด่าน_27,อำเภอบ้านด่าน,ตำบลบ้านด่าน,14,ไม่เห็นชอบ,136
47,referendum/inside/อำเภอบ้านด่าน/ตำบลบ้านด่าน_27,อำเภอบ้านด่าน,ตำบลบ้านด่าน,14,ไม่แสดงความคิดเห็น,63
48,referendum/inside/อำเภอบ้านด่าน/ตำบลบ้านด่าน_29,อำเภอบ้านด่าน,ตำบลบ้านด่าน,15,เห็นชอบ,2113
49,referendum/inside/อำเภอบ้านด่าน/ตำบลบ้านด่าน_29,อำเภอบ้านด่าน,ตำบลบ้านด่าน,15,ไม่เห็นชอบ,101
50,referendum/inside/อำเภอบ้านด่าน/ตำบลบ้านด่าน_29,อำเภอบ้านด่าน,ตำบลบ้านด่าน,15,ไม่แสดงความคิดเห็น,9
51,referendum/inside/อำเภอบ้านด่าน/ตำบลบ้านด่าน_31,อำเภอบ้านด่าน,ตำบลบ้านด่าน,16,เห็นชอบ,125
52,referendum/inside/อำเภอบ้านด่าน/ตำบลบ้านด่าน_31,อำเภอบ้านด่าน,ตำบลบ้านด่าน,16,ไม่เห็นชอบ,89
53,referendum/inside/อำเภอบ้านด่าน/ตำบลบ้านด่าน_31,อำเภอบ้านด่าน,ตำบลบ้านด่าน,16,ไม่แสดงความคิดเห็น,26
54,referendum/inside/อำเภอบ้านด่าน/ตำบลบ้านด่าน_33,อำเภอบ้านด่าน,ตำบลบ้านด่าน,17,เห็นชอบ,61
55,referendum/inside/อำเภอบ้านด่าน/ตำบลบ้านด่าน_33,อำเภอบ้านด่าน,ตำบลบ้านด่าน,17,ไม่เห็นชอบ,50
56,referendum/inside/อำเภอบ้านด่าน/ตำบลบ้านด่าน_33,อำเภอบ้านด่าน,ตำบลบ้านด่าน,17,ไม่แสดงความคิดเห็น,19
57,referendum/inside/อำเภอบ้านด่าน/ตำบลบ้านด่าน_35,อำเภอบ้านด่าน,ตำบลบ้านด่าน,18,เห็นชอบ,58
58,referendum/inside/อำเภอบ้านด่าน/ตำบลบ้านด่าน_35,อำเภอบ้านด่าน,ตำบลบ้านด่าน,18,ไม่เห็นชอบ,59
59,referendum/inside/อำเภอบ้านด่าน/ตำบลบ้านด่าน_35,อำเภอบ้านด่าน,ตำบลบ้านด่าน,18,ไม่แสดงความคิดเห็น,22
60,referendum/inside/อำเภอบ้านด่าน/ตำบลบ้านด่าน_37,อำเภอบ้านด่าน,ตำบลบ้านด่าน,19,เห็นชอบ,225
61,referendum/inside/อำเภอบ้านด่าน/ตำบลบ้านด่าน_37,อำเภอบ้านด่าน,ตำบลบ้านด่าน,19,ไม่เห็นชอบ,129
62,referendum/inside/อำเภอบ้านด่าน/ตำบลบ้านด่าน_37,อำเภอบ้านด่าน,ตำบลบ้านด่าน,19,ไม่แสดงความคิดเห็น,36
63,referendum/inside/อำเภอบ้านด่าน/ตำบลบ้านด่าน_39,อำเภอบ้านด่าน,ตำบลบ้านด่าน,20,เห็นชอบ,83
64,referendum/inside/อำเภอบ้านด่าน/ตำบลบ้านด่าน_39,อำเภอบ้านด่าน,ตำบลบ้านด่าน,20,ไม่เห็นชอบ,82
65,referendum/inside/อำเภอบ้านด่าน/ตำบลบ้านด่าน_39,อำเภอบ้านด่าน,ตำบลบ้านด่าน,20,ไม่แสดงความคิดเห็น,17
66,referendum/inside/อำเภอบ้านด่าน/ตำบลปราสาท_1,อำเภอบ้านด่าน,ตำบลปราสาท,1,เห็นชอบ,155
67,referendum/inside/อำเภอบ้านด่าน/ตำบลปราสาท_1,อำเภอบ้านด่าน,ตำบลปราสาท,1,ไม่เห็นชอบ,91
68,referendum/inside/อำเภอบ้านด่าน/ตำบลปราสาท_1,อำเภอบ้านด่าน,ตำบลปราสาท,1,ไม่แสดงความคิดเห็น,27
69,referendum/inside/อำเภอบ้านด่าน/ตำบลปราสาท_3,อำเภอบ้านด่าน,ตำบลปราสาท,2,เห็นชอบ,184
70,referendum/inside/อำเภอบ้านด่าน/ตำบลปราสาท_3,อำเภอบ้านด่าน,ตำบลปราสาท,2,ไม่เห็นชอบ,134
71,referendum/inside/อำเภอบ้านด่าน/ตำบลปราสาท_3,อำเภอบ้านด่าน,ตำบลปราสาท,2,ไม่แสดงความคิดเห็น,37
72,referendum/inside/อำเภอบ้านด่าน/ตำบลปราสาท_5,อำเภอบ้านด่าน,ตำบลปราสาท,3,เห็นชอบ,134
73,referendum/inside/อำเภอบ้านด่าน/ตำบลปราสาท_5,อำเภอบ้านด่าน,ตำบลปราสาท,3,ไม่เห็นชอบ,68
74,referendum/inside/อำเภอบ้านด่าน/ตำบลปราสาท_5,อำเภอบ้านด่าน,ตำบลปราสาท,3,ไม่แสดงความคิดเห็น,21
75,referendum/inside/อำเภอบ้านด่าน/ตำบลปราสาท_7,อำเภอบ้านด่าน,ตำบลปราสาท,4,เห็นชอบ,174
76,referendum/inside/อำเภอบ้านด่าน/ตำบลปราสาท_7,อำเภอบ้านด่าน,ตำบลปราสาท,4,ไม่เห็นชอบ,78
77,referendum/inside/อำเภอบ้านด่าน/ตำบลปราสาท_7,อำเภอบ้านด่าน,ตำบลปราสาท,4,ไม่แสดงความคิดเห็น,36
78,referendum/inside/อำเภอบ้านด่าน/ตำบลปราสาท_9,อำเภอบ้านด่าน,ตำบลปราสาท,5,เห็นชอบ,49
79,referendum/inside/อำเภอบ้านด่าน/ตำบลปราสาท_9,อำเภอบ้านด่าน,ตำบลปราสาท,5,ไม่เห็นชอบ,65
80,referendum/inside/อำเภอบ้านด่าน/ตำบลปราสาท_9,อำเภอบ้านด่าน,ตำบลปราสาท,5,ไม่แสดงความคิดเห็น,11
81,referendum/inside/อำเภอบ้านด่าน/ตำบลปราสาท_11,อำเภอบ้านด่าน,ตำบลปราสาท,6,เห็นชอบ,55
82,referendum/inside/อำเภอบ้านด่าน/ตำบลปราสาท_11,อำเภอบ้านด่าน,ตำบลปราสาท,6,ไม่เห็นชอบ,68
83,referendum/inside/อำเภอบ้านด่าน/ตำบลปราสาท_11,อำเภอบ้านด่าน,ตำบลปราสาท,6,ไม่แสดงความคิดเห็น,13
84,referendum/inside/อำเภอบ้านด่าน/ตำบลปราสาท_13,อำเภอบ้านด่าน,ตำบลปราสาท,7,เห็นชอบ,111
85,referendum/inside/อำเภอบ้านด่าน/ตำบลปราสาท_13,อำเภอบ้านด่าน,ตำบลปราสาท,7,ไม่เห็นชอบ,59
86,referendum/inside/อำเภอบ้านด่าน/ตำบลปราสาท_13,อำเภอบ้านด่าน,ตำบลปราสาท,7,ไม่แสดงความคิดเห็น,45
87,referendum/inside/อำเภอบ้านด่าน/ตำบลปราสาท_15,อำเภอบ้านด่าน,ตำบลปราสาท,8,เห็นชอบ,157
88,referendum/inside/อำเภอบ้านด่าน/ตำบลปราสาท_15,อำเภอบ้านด่าน,ตำบลปราสาท,8,ไม่เห็นชอบ,114
89,referendum/inside/อำเภอบ้านด่าน/ตำบลปราสาท_15,อำเภอบ้านด่าน,ตำบลปราสาท,8,ไม่แสดงความคิดเห็น,33
90,referendum/inside/อำเภอบ้านด่าน/ตำบลปราสาท_17,อำเภอบ้านด่าน,ตำบลปราสาท,9,เห็นชอบ,162
91,referendum/inside/อำเภอบ้านด่าน/ตำบลปราสาท_17,อำเภอบ้านด่าน,ตำบลปราสาท,9,ไม่เห็นชอบ,75
92,referendum/inside/อำเภอบ้านด่าน/ตำบลปราสาท_17,อำเภอบ้านด่าน,ตำบลปราสาท,9,ไม่แสดงความคิดเห็น,3950
93,referendum/inside/อำเภอบ้านด่าน/ตำบลปราสาท_19,อำเภอบ้านด่าน,ตำบลปราสาท,10,เห็นชอบ,251
94,referendum/inside/อำเภอบ้านด่าน/ตำบลปราสาท_19,อำเภอบ้านด่าน,ตำบลปราสาท,10,ไม่เห็นชอบ,147
95,referendum/inside/อำเภอบ้านด่าน/ตำบลปราสาท_19,อำเภอบ้านด่าน,ตำบลปราสาท,10,ไม่แสดงความคิดเห็น,229
96,referendum/inside/อำเภอบ้านด่าน/ตำบลปราสาท_21,อำเภอบ้านด่าน,ตำบลปราสาท,11,เห็นชอบ,150
97,referendum/inside/อำเภอบ้านด่าน/ตำบลปราสาท_21,อำเภอบ้านด่าน,ตำบลปราสาท,11,ไม่เห็นชอบ,129
98,referendum/inside/อำเภอบ้านด่าน/ตำบลปราสาท_21,อำเภอบ้านด่าน,ตำบลปราสาท,11,ไม่แสดงความคิดเห็น,28
99,referendum/inside/อำเภอบ้านด่าน/ตำบลปราสาท_23,อำเภอบ้านด่าน,ตำบลปราสาท,12,เห็นชอบ,102
100,referendum/inside/อำเภอบ้านด่าน/ตำบลปราสาท_23,อำเภอบ้านด่าน,ตำบลปราสาท,12,ไม่เห็นชอบ,54
101,referendum/inside/อำเภอบ้านด่าน/ตำบลปราสาท_23,อำเภอบ้านด่าน,ตำบลปราสาท,12,ไม่แสดงความคิดเห็น,21
102,referendum/inside/อำเภอบ้านด่าน/ตำบลปราสาท_25,อำเภอบ้านด่าน,ตำบลปราสาท,13,เห็นชอบ,158
103,referendum/inside/อำเภอบ้านด่าน/ตำบลปราสาท_25,อำเภอบ้านด่าน,ตำบลปราสาท,13,ไม่เห็นชอบ,79
104,referendum/inside/อำเภอบ้านด่าน/ตำบลปราสาท_25,อำเภอบ้านด่าน,ตำบลปราสาท,13,ไม่แสดงความคิดเห็น,25
105,referendum/inside/อำเภอบ้านด่าน/ตำบลปราสาท_27,อำเภอบ้านด่าน,ตำบลปราสาท,14,เห็นชอบ,107
106,referendum/inside/อำเภอบ้านด่าน/ตำบลปราสาท_27,อำเภอบ้านด่าน,ตำบลปราสาท,14,ไม่เห็นชอบ,98
107,referendum/inside/อำเภอบ้านด่าน/ตำบลปราสาท_27,อำเภอบ้านด่าน,ตำบลปราสาท,14,ไม่แสดงความคิดเห็น,23
108,referendum/inside/อำเภอบ้านด่าน/ตำบลปราสาท_29,อำเภอบ้านด่าน,ตำบลปราสาท,15,เห็นชอบ,119
109,referendum/inside/อำเภอบ้านด่าน/ตำบลปราสาท_29,อำเภอบ้านด่าน,ตำบลปราสาท,15,ไม่เห็นชอบ,85
110,referendum/inside/อำเภอบ้านด่าน/ตำบลปราสาท_29,อำเภอบ้านด่าน,ตำบลปราสาท,15,ไม่แสดงความคิดเห็น,25
111,referendum/inside/อำเภอบ้านด่าน/ตำบลปราสาท_31,อำเภอบ้านด่าน,ตำบลปราสาท,16,เห็นชอบ,95
112,referendum/inside/อำเภอบ้านด่าน/ตำบลปราสาท_31,อำเภอบ้านด่าน,ตำบลปราสาท,16,ไม่เห็นชอบ,62
113,referendum/inside/อำเภอบ้านด่าน/ตำบลปราสาท_31,อำเภอบ้านด่าน,ตำบลปราสาท,16,ไม่แสดงความคิดเห็น,20
114,referendum/inside/อำเภอเมืองบุรีรัมย์/ตำบลกระสัง_1,อำเภอเมืองบุรีรัมย์,ตำบลกระสัง,1,เห็นชอบ,97
115,referendum/inside/อำเภอเมืองบุรีรัมย์/ตำบลกระสัง_1,อำเภอเมืองบุรีรัมย์,ตำบลกระสัง,1,ไม่เห็นชอบ,100
116,referendum/inside/อำเภอเมืองบุรีรัมย์/ตำบลกระสัง_1,อำเภอเมืองบุรีรัมย์,ตำบลกระสัง,1,ไม่แสดงความคิดเห็น,24
117,referendum/inside/อำเภอเมืองบุรีรัมย์/ตำบลกระสัง_3,อำเภอเมืองบุรีรัมย์,ตำบลกระสัง,2,เห็นชอบ,247
118,referendum/inside/อำเภอเมืองบุรีรัมย์/ตำบลกระสัง_3,อำเภอเมืองบุรีรัมย์,ตำบลกระสัง,2,ไม่เห็นชอบ,202
119,referendum/inside/อำเภอเมืองบุรีรัมย์/ตำบลกระสัง_3,อำเภอเมืองบุรีรัมย์,ตำบลกระสัง,2,ไม่แสดงความคิดเห็น,45
120,referendum/inside/อำเภอเมืองบุรีรัมย์/ตำบลกระสัง_5,อำเภอเมืองบุรีรัมย์,ตำบลกระสัง,3,เห็นชอบ,222
121,referendum/inside/อำเภอเมืองบุรีรัมย์/ตำบลกระสัง_5,อำเภอเมืองบุรีรัมย์,ตำบลกระสัง,3,ไม่เห็นชอบ,123
122,referendum/inside/อำเภอเมืองบุรีรัมย์/ตำบลกระสัง_5,อำเภอเมืองบุรีรัมย์,ตำบลกระสัง,3,ไม่แสดงความคิดเห็น,26
123,referendum/inside/อำเภอเมืองบุรีรัมย์/ตำบลกระสัง_7,อำเภอเมืองบุรีรัมย์,ตำบลกระสัง,4,เห็นชอบ,85
124,referendum/inside/อำเภอเมืองบุรีรัมย์/ตำบลกระสัง_7,อำเภอเมืองบุรีรัมย์,ตำบลกระสัง,4,ไม่เห็นชอบ,85
125,referendum/inside/อำเภอเมืองบุรีรัมย์/ตำบลกระสัง_7,อำเภอเมืองบุรีรัมย์,ตำบลกระสัง,4,ไม่แสดงความคิดเห็น,19
126,referendum/inside/อำเภอเมืองบุรีรัมย์/ตำบลกระสัง_9,อำเภอเมืองบุรีรัมย์,ตำบลกระสัง,5,เห็นชอบ,103
127,referendum/inside/อำเภอเมืองบุรีรัมย์/ตำบลกระสัง_9,อำเภอเมืองบุรีรัมย์,ตำบลกระสัง,5,ไม่เห็นชอบ,74
128,referendum/inside/อำเภอเมืองบุรีรัมย์/ตำบลกระสัง_9,อำเภอเมืองบุรีรัมย์,ตำบลกระสัง,5,ไม่แสดงความคิดเห็น,20
129,referendum/inside/อำเภอเมืองบุรีรัมย์/ตำบลกระสัง_11,อำเภอเมืองบุรีรัมย์,ตำบลกระสัง,6,เห็นชอบ,75
130,referendum/inside/อำเภอเมืองบุรีรัมย์/ตำบลกระสัง_11,อำเภอเมืองบุรีรัมย์,ตำบลกระสัง,6,ไม่เห็นชอบ,67
131,referendum/inside/อำเภอเมืองบุรีรัมย์/ตำบลกระสัง_11,อำเภอเมืองบุรีรัมย์,ตำบลกระสัง,6,ไม่แสดงความคิดเห็น,24
132,referendum/inside/อำเภอเมืองบุรีรัมย์/ตำบลกระสัง_13,อำเภอเมืองบุรีรัมย์,ตำบลกระสัง,7,เห็นชอบ,229
133,referendum/inside/อำเภอเมืองบุรีรัมย์/ตำบลกระสัง_13,อำเภอเมืองบุรีรัมย์,ตำบลกระสัง,7,ไม่เห็นชอบ,155
134,referendum/inside/อำเภอเมืองบุรีรัมย์/ตำบลกระสัง_13,อำเภอเมืองบุรีรัมย์,ตำบลกระสัง,7,ไม่แสดงความคิดเห็น,64
135,referendum/inside/อำเภอเมืองบุรีรัมย์/ตำบลกระสัง_15,อำเภอเมืองบุรีรัมย์,ตำบลกระสัง,8,เห็นชอบ,148
136,referendum/inside/อำเภอเมืองบุรีรัมย์/ตำบลกระสัง_15,อำเภอเมืองบุรีรัมย์,ตำบลกระสัง,8,ไม่เห็นชอบ,120
137,referendum/inside/อำเภอเมืองบุรีรัมย์/ตำบลกระสัง_15,อำเภอเมืองบุรีรัมย์,ตำบลกระสัง,8,ไม่แสดงความคิดเห็น,39
138,referendum/inside/อำเภอเมืองบุรีรัมย์/ตำบลกระสัง_17,อำเภอเมืองบุรีรัมย์,ตำบลกระสัง,9,เห็นชอบ,0
139,referendum/inside/อำเภอเมืองบุรีรัมย์/ตำบลกระสัง_17,อำเภอเมืองบุรีรัมย์,ตำบลกระสัง,9,ไม่เห็นชอบ,0
140,referendum/inside/อำเภอเมืองบุรีรัมย์/ตำบลกระสัง_17,อำเภอเมืองบุรีรัมย์,ตำบลกระสัง,9,ไม่แสดงความคิดเห็น,0
141,referendum/inside/อำเภอเมืองบุรีรัมย์/ตำบลกระสัง_19,อำเภอเมืองบุรีรัมย์,ตำบลกระสัง,10,เห็นชอบ,201
142,referendum/inside/อำเภอเมืองบุรีรัมย์/ตำบลกระสัง_19,อำเภอเมืองบุรีรัมย์,ตำบลกระสัง,10,ไม่เห็นชอบ,122
143,referendum/inside/อำเภอเมืองบุรีรัมย์/ตำบลกระสัง_19,อำเภอเมืองบุรีรัมย์,ตำบลกระสัง,10,ไม่แสดงความคิดเห็น,42
144,referendum/inside/อำเภอเมืองบุรีรัมย์/ตำบลกระสัง_21,อำเภอเมืองบุรีรัมย์,ตำบลกระสัง,11,เห็นชอบ,105
145,referendum/inside/อำเภอเมืองบุรีรัมย์/ตำบลกระสัง_21,อำเภอเมืองบุรีรัมย์,ตำบลกระสัง,11,ไม่เห็นชอบ,79
146,referendum/inside/อำเภอเมืองบุรีรัมย์/ตำบลกระสัง_21,อำเภอเมืองบุรีรัมย์,ตำบลกระสัง,11,ไม่แสดงความคิดเห็น,29
147,referendum/inside/อำเภอเมืองบุรีรัมย์/ตำบลกระสัง_23,อำเภอเมืองบุรีรัมย์,ตำบลกระสัง,12,เห็นชอบ,131
148,referendum/inside/อำเภอเมืองบุรีรัมย์/ตำบลกระสัง_23,อำเภอเมืองบุรีรัมย์,ตำบลกระสัง,12,ไม่เห็นชอบ,96
149,referendum/inside/อำเภอเมืองบุรีรัมย์/ตำบลกระสัง_23,อำเภอเมืองบุรีรัมย์,ตำบลกระสัง,12,ไม่แสดงความคิดเห็น,37
150,referendum/inside/อำเภอเมืองบุรีรัมย์/ตำบลกระสัง_25,อำเภอเมืองบุรีรัมย์,ตำบลกระสัง,13,เห็นชอบ,156
151,referendum/inside/อำเภอเมืองบุรีรัมย์/ตำบลกระสัง_25,อำเภอเมืองบุรีรัมย์,ตำบลกระสัง,13,ไม่เห็นชอบ,159
152,referendum/inside/อำเภอเมืองบุรีรัมย์/ตำบลกระสัง_25,อำเภอเมืองบุรีรัมย์,ตำบลกระสัง,13,ไม่แสดงความคิดเห็น,28
153,referendum/inside/อำเภอเมืองบุรีรัมย์/ตำบลกระสัง_27,อำเภอเมืองบุรีรัมย์,ตำบลกระสัง,14,เห็นชอบ,97
154,referendum/inside/อำเภอเมืองบุรีรัมย์/ตำบลกระสัง_27,อำเภอเมืองบุรีรัมย์,ตำบลกระสัง,14,ไม่เห็นชอบ,84
155,referendum/inside/อำเภอเมืองบุรีรัมย์/ตำบลกระสัง_27,อำเภอเมืองบุรีรัมย์,ตำบลกระสัง,14,ไม่แสดงความคิดเห็น,26
156,referendum/inside/อำเภอเมืองบุรีรัมย์/ตำบลกลันทา_1,อำเภอเมืองบุรีรัมย์,ตำบลกลันทา,1,เห็นชอบ,129
157,referendum/inside/อำเภอเมืองบุรีรัมย์/ตำบลกลันทา_1,อำเภอเมืองบุรีรัมย์,ตำบลกลันทา,1,ไม่เห็นชอบ,235
158,referendum/inside/อำเภอเมืองบุรีรัมย์/ตำบลกลันทา_1,อำเภอเมืองบุรีรัมย์,ตำบลกลันทา,1,ไม่แสดงความคิดเห็น,37
159,referendum/inside/อำเภอเมืองบุรีรัมย์/ตำบลกลันทา_3,อำเภอเมืองบุรีรัมย์,ตำบลกลันทา,2,เห็นชอบ,213
160,referendum/inside/อำเภอเมืองบุรีรัมย์/ตำบลกลันทา_3,อำเภอเมืองบุรีรัมย์,ตำบลกลันทา,2,ไม่เห็นชอบ,128
161,referendum/inside/อำเภอเมืองบุรีรัมย์/ตำบลกลันทา_3,อำเภอเมืองบุรีรัมย์,ตำบลกลันทา,2,ไม่แสดงความคิดเห็น,48
162,referendum/inside/อำเภอเมืองบุรีรัมย์/ตำบลกลันทา_5,อำเภอเมืองบุรีรัมย์,ตำบลกลันทา,3,เห็นชอบ,107
163,referendum/inside/อำเภอเมืองบุรีรัมย์/ตำบลกลันทา_5,อำเภอเมืองบุรีรัมย์,ตำบลกลันทา,3,ไม่เห็นชอบ,119
164,referendum/inside/อำเภอเมืองบุรีรัมย์/ตำบลกลันทา_5,อำเภอเมืองบุรีรัมย์,ตำบลกลันทา,3,ไม่แสดงความคิดเห็น,18
165,referendum/inside/อำเภอเมืองบุรีรัมย์/ตำบลกลันทา_7,อำเภอเมืองบุรีรัมย์,ตำบลกลันทา,4,เห็นชอบ,169
166,referendum/inside/อำเภอเมืองบุรีรัมย์/ตำบลกลันทา_7,อำเภอเมืองบุรีรัมย์,ตำบลกลันทา,4,ไม่เห็นชอบ,169
167,referendum/inside/อำเภอเมืองบุรีรัมย์/ตำบลกลันทา_7,อำเภอเมืองบุรีรัมย์,ตำบลกลันทา,4,ไม่แสดงความคิดเห็น,46
168,referendum/inside/อำเภอเมืองบุรีรัมย์/ตำบลกลันทา_9,อำเภอเมืองบุรีรัมย์,ตำบลกลันทา,5,เห็นชอบ,81
169,referendum/inside/อำเภอเมืองบุรีรัมย์/ตำบลกลันทา_9,อำเภอเมืองบุรีรัมย์,ตำบลกลันทา,5,ไม่เห็นชอบ,107
170,referendum/inside/อำเภอเมืองบุรีรัมย์/ตำบลกลันทา_9,อำเภอเมืองบุรีรัมย์,ตำบลกลันทา,5,ไม่แสดงความคิดเห็น,18
171,referendum/inside/อำเภอเมืองบุรีรัมย์/ตำบลกลันทา_11,อำเภอเมืองบุรีรัมย์,ตำบลกลันทา,6,เห็นชอบ,180
172,referendum/inside/อำเภอเมืองบุรีรัมย์/ตำบลกลันทา_11,อำเภอเมืองบุรีรัมย์,ตำบลกลันทา,6,ไม่เห็นชอบ,142
173,referendum/inside/อำเภอเมืองบุรีรัมย์/ตำบลกลันทา_11,อำเภอเมืองบุรีรัมย์,ตำบลกลันทา,6,ไม่แสดงความคิดเห็น,46
174,referendum/inside/อำเภอเมืองบุรีรัมย์/ตำบลกลันทา_13,อำเภอเมืองบุรีรัมย์,ตำบลกลันทา,7,เห็นชอบ,190
175,referendum/inside/อำเภอเมืองบุรีรัมย์/ตำบลกลันทา_13,อำเภอเมืองบุรีรัมย์,ตำบลกลันทา,7,ไม่เห็นชอบ,119
176,referendum/inside/อำเภอเมืองบุรีรัมย์/ตำบลกลันทา_13,อำเภอเมืองบุรีรัมย์,ตำบลกลันทา,7,ไม่แสดงความคิดเห็น,47
177,referendum/inside/อำเภอเมืองบุรีรัมย์/ตำบลกลันทา_15,อำเภอเมืองบุรีรัมย์,ตำบลกลันทา,8,เห็นชอบ,62
178,referendum/inside/อำเภอเมืองบุรีรัมย์/ตำบลกลันทา_15,อำเภอเมืองบุรีรัมย์,ตำบลกลันทา,8,ไม่เห็นชอบ,85
179,referendum/inside/อำเภอเมืองบุรีรัมย์/ตำบลกลันทา_15,อำเภอเมืองบุรีรัมย์,ตำบลกลันทา,8,ไม่แสดงความคิดเห็น,15
180,referendum/inside/อำเภอเมืองบุรีรัมย์/ตำบลกลันทา_17,อำเภอเมืองบุรีรัมย์,ตำบลกลันทา,9,เห็นชอบ,120
181,referendum/inside/อำเภอเมืองบุรีรัมย์/ตำบลกลันทา_17,อำเภอเมืองบุรีรัมย์,ตำบลกลันทา,9,ไม่เห็นชอบ,95
182,referendum/inside/อำเภอเมืองบุรีรัมย์/ตำบลกลันทา_17,อำเภอเมืองบุรีรัมย์,ตำบลกลันทา,9,ไม่แสดงความคิดเห็น,17
183,referendum/inside/อำเภอเมืองบุรีรัมย์/ตำบลกลันทา_19,อำเภอเมืองบุรีรัมย์,ตำบลกลันทา,10,เห็นชอบ,67
184,referendum/inside/อำเภอเมืองบุรีรัมย์/ตำบลกลันทา_19,อำเภอเมืองบุรีรัมย์,ตำบลกลันทา,10,ไม่เห็นชอบ,55
185,referendum/inside/อำเภอเมืองบุรีรัมย์/ตำบลกลันทา_19,อำเภอเมืองบุรีรัมย์,ตำบลกลันทา,10,ไม่แสดงความคิดเห็น,9
186,referendum/inside/อำเภอเมืองบุรีรัมย์/ตำบลกลันทา_21,อำเภอเมืองบุรีรัมย์,ตำบลกลันทา,11,เห็นชอบ,40
187,referendum/inside/อำเภอเมืองบุรีรัมย์/ตำบลกลันทา_21,อำเภอเมืองบุรีรัมย์,ตำบลกลันทา,11,ไม่เห็นชอบ,70
188,referendum/inside/อำเภอเมืองบุรีรัมย์/ตำบลกลันทา_21,อำเภอเมืองบุรีรัมย์,ตำบลกลันทา,11,ไม่แสดงความคิดเห็น,5
189,referendum/inside/อำเภอเมืองบุรีรัมย์/ตำบลกลันทา_23,อำเภอเมืองบุรีรัมย์,ตำบลกลันทา,12,เห็นชอบ,56
190,referendum/inside/อำเภอเมืองบุรีรัมย์/ตำบลกลันทา_23,อำเภอเมืองบุรีรัมย์,ตำบลกลันทา,12,ไม่เห็นชอบ,54
191,referendum/inside/อำเภอเมืองบุรีรัมย์/ตำบลกลันทา_23,อำเภอเมืองบุรีรัมย์,ตำบลกลันทา,12,ไม่แสดงความคิดเห็น,18
192,referendum/inside/อำเภอเมืองบุรีรัมย์/ตำบลกลันทา_25,อำเภอเมืองบุรีรัมย์,ตำบลกลันทา,13,เห็นชอบ,98
193,referendum/inside/อำเภอเมืองบุรีรัมย์/ตำบลกลันทา_25,อำเภอเมืองบุรีรัมย์,ตำบลกลันทา,13,ไม่เห็นชอบ,64
194,referendum/inside/อำเภอเมืองบุรีรัมย์/ตำบลกลันทา_25,อำเภอเมืองบุรีรัมย์,ตำบลกลันทา,13,ไม่แสดงความคิดเห็น,21
195,referendum/inside/อำเภอเมืองบุรีรัมย์/ตำบลชุมเห็ด_1,อำเภอเมืองบุรีรัมย์,ตำบลชุมเห็ด,1,เห็นชอบ,133
196,referendum/inside/อำเภอเมืองบุรีรัมย์/ตำบลชุมเห็ด_1,อำเภอเมืองบุรีรัมย์,ตำบลชุมเห็ด,1,ไม่เห็นชอบ,146
197,referendum/inside/อำเภอเมืองบุรีรัมย์/ตำบลชุมเห็ด_1,อำเภอเมืองบุรีรัมย์,ตำบลชุมเห็ด,1,ไม่แสดงความคิดเห็น,34
198,referendum/inside/อำเภอเมืองบุรีรัมย์/ตำบลชุมเห็ด_3,อำเภอเมืองบุรีรัมย์,ตำบลชุมเห็ด,2,เห็นชอบ,718
199,referendum/inside/อำเภอเมืองบุรีรัมย์/ตำบลชุมเห็ด_3,อำเภอเมืองบุรีรัมย์,ตำบลชุมเห็ด,2,ไม่เห็นชอบ,101
200,referendum/inside/อำเภอเมืองบุรีรัมย์/ตำบลชุมเห็ด_3,อำเภอเมืองบุรีรัมย์,ตำบลชุมเห็ด,2,ไม่แสดงความคิดเห็น,35
201,referendum/inside/อำเภอเมืองบุรีรัมย์/ตำบลชุมเห็ด_5,อำเภอเมืองบุรีรัมย์,ตำบลชุมเห็ด,3,เห็นชอบ,169
202,referendum/inside/อำเภอเมืองบุรีรัมย์/ตำบลชุมเห็ด_5,อำเภอเมืองบุรีรัมย์,ตำบลชุมเห็ด,3,ไม่เห็นชอบ,107
203,referendum/inside/อำเภอเมืองบุรีรัมย์/ตำบลชุมเห็ด_5,อำเภอเมืองบุรีรัมย์,ตำบลชุมเห็ด,3,ไม่แสดงความคิดเห็น,45
204,referendum/inside/อำเภอเมืองบุรีรัมย์/ตำบลชุมเห็ด_7,อำเภอเมืองบุรีรัมย์,ตำบลชุมเห็ด,4,เห็นชอบ,207
205,referendum/inside/อำเภอเมืองบุรีรัมย์/ตำบลชุมเห็ด_7,อำเภอเมืองบุรีรัมย์,ตำบลชุมเห็ด,4,ไม่เห็นชอบ,108
206,referendum/inside/อำเภอเมืองบุรีรัมย์/ตำบลชุมเห็ด_7,อำเภอเมืองบุรีรัมย์,ตำบลชุมเห็ด,4,ไม่แสดงความคิดเห็น,31
207,referendum/inside/อำเภอเมืองบุรีรัมย์/ตำบลชุมเห็ด_9,อำเภอเมืองบุรีรัมย์,ตำบลชุมเห็ด,5,เห็นชอบ,145
208,referendum/inside/อำเภอเมืองบุรีรัมย์/ตำบลชุมเห็ด_9,อำเภอเมืองบุรีรัมย์,ตำบลชุมเห็ด,5,ไม่เห็นชอบ,115
209,referendum/inside/อำเภอเมืองบุรีรัมย์/ตำบลชุมเห็ด_9,อำเภอเมืองบุรีรัมย์,ตำบลชุมเห็ด,5,ไม่แสดงความคิดเห็น,32
210,referendum/inside/อำเภอเมืองบุรีรัมย์/ตำบลชุมเห็ด_11,อำเภอเมืองบุรีรัมย์,ตำบลชุมเห็ด,6,เห็นชอบ,170
211,referendum/inside/อำเภอเมืองบุรีรัมย์/ตำบลชุมเห็ด_11,อำเภอเมืองบุรีรัมย์,ตำบลชุมเห็ด,6,ไม่เห็นชอบ,109
212,referendum/inside/อำเภอเมืองบุรีรัมย์/ตำบลชุมเห็ด_11,อำเภอเมืองบุรีรัมย์,ตำบลชุมเห็ด,6,ไม่แสดงความคิดเห็น,25
213,referendum/inside/อำเภอเมืองบุรีรัมย์/ตำบลชุมเห็ด_13,อำเภอเมืองบุรีรัมย์,ตำบลชุมเห็ด,7,เห็นชอบ,150
214,referendum/inside/อำเภอเมืองบุรีรัมย์/ตำบลชุมเห็ด_13,อำเภอเมืองบุรีรัมย์,ตำบลชุมเห็ด,7,ไม่เห็นชอบ,169
215,referendum/inside/อำเภอเมืองบุรีรัมย์/ตำบลชุมเห็ด_13,อำเภอเมืองบุรีรัมย์,ตำบลชุมเห็ด,7,ไม่แสดงความคิดเห็น,43
216,referendum/inside/อำเภอเมืองบุรีรัมย์/ตำบลชุมเห็ด_15,อำเภอเมืองบุรีรัมย์,ตำบลชุมเห็ด,8,เห็นชอบ,228
217,referendum/inside/อำเภอเมืองบุรีรัมย์/ตำบลชุมเห็ด_15,อำเภอเมืองบุรีรัมย์,ตำบลชุมเห็ด,8,ไม่เห็นชอบ,176
218,referendum/inside/อำเภอเมืองบุรีรัมย์/ตำบลชุมเห็ด_15,อำเภอเมืองบุรีรัมย์,ตำบลชุมเห็ด,8,ไม่แสดงความคิดเห็น,29
219,referendum/inside/อำเภอเมืองบุรีรัมย์/ตำบลชุมเห็ด_17,อำเภอเมืองบุรีรัมย์,ตำบลชุมเห็ด,9,เห็นชอบ,86
220,referendum/inside/อำเภอเมืองบุรีรัมย์/ตำบลชุมเห็ด_17,อำเภอเมืองบุรีรัมย์,ตำบลชุมเห็ด,9,ไม่เห็นชอบ,119
221,referendum/inside/อำเภอเมืองบุรีรัมย์/ตำบลชุมเห็ด_17,อำเภอเมืองบุรีรัมย์,ตำบลชุมเห็ด,9,ไม่แสดงความคิดเห็น,27
222,referendum/inside/อำเภอเมืองบุรีรัมย์/ตำบลชุมเห็ด_19,อำเภอเมืองบุรีรัมย์,ตำบลชุมเห็ด,10,เห็นชอบ,122
223,referendum/inside/อำเภอเมืองบุรีรัมย์/ตำบลชุมเห็ด_19,อำเภอเมืองบุรีรัมย์,ตำบลชุมเห็ด,10,ไม่เห็นชอบ,116
224,referendum/inside/อำเภอเมืองบุรีรัมย์/ตำบลชุมเห็ด_19,อำเภอเมืองบุรีรัมย์,ตำบลชุมเห็ด,10,ไม่แสดงความคิดเห็น,31
225,referendum/inside/อำเภอเมืองบุรีรัมย์/ตำบลชุมเห็ด_21,อำเภอเมืองบุรีรัมย์,ตำบลชุมเห็ด,11,เห็นชอบ,183
226,referendum/inside/อำเภอเมืองบุรีรัมย์/ตำบลชุมเห็ด_21,อำเภอเมืองบุรีรัมย์,ตำบลชุมเห็ด,11,ไม่เห็นชอบ,142
227,referendum/inside/อำเภอเมืองบุรีรัมย์/ตำบลชุมเห็ด_21,อำเภอเมืองบุรีรัมย์,ตำบลชุมเห็ด,11,ไม่แสดงความคิดเห็น,40
228,referendum/inside/อำเภอเมืองบุรีรัมย์/ตำบลชุมเห็ด_23,อำเภอเมืองบุรีรัมย์,ตำบลชุมเห็ด,12,เห็นชอบ,302
229,referendum/inside/อำเภอเมืองบุรีรัมย์/ตำบลชุมเห็ด_23,อำเภอเมืองบุรีรัมย์,ตำบลชุมเห็ด,12,ไม่เห็นชอบ,211
230,referendum/inside/อำเภอเมืองบุรีรัมย์/ตำบลชุมเห็ด_23,อำเภอเมืองบุรีรัมย์,ตำบลชุมเห็ด,12,ไม่แสดงความคิดเห็น,63
231,referendum/inside/อำเภอเมืองบุรีรัมย์/ตำบลชุมเห็ด_25,อำเภอเมืองบุรีรัมย์,ตำบลชุมเห็ด,13,เห็นชอบ,230
232,referendum/inside/อำเภอเมืองบุรีรัมย์/ตำบลชุมเห็ด_25,อำเภอเมืองบุรีรัมย์,ตำบลชุมเห็ด,13,ไม่เห็นชอบ,160
233,referendum/inside/อำเภอเมืองบุรีรัมย์/ตำบลชุมเห็ด_25,อำเภอเมืองบุรีรัมย์,ตำบลชุมเห็ด,13,ไม่แสดงความคิดเห็น,63
234,referendum/inside/อำเภอเมืองบุรีรัมย์/ตำบลชุมเห็ด_27,อำเภอเมืองบุรีรัมย์,ตำบลชุมเห็ด,14,เห็นชอบ,249
235,referendum/inside/อำเภอเมืองบุรีรัมย์/ตำบลชุมเห็ด_27,อำเภอเมืองบุรีรัมย์,ตำบลชุมเห็ด,14,ไม่เห็นชอบ,226
236,referendum/inside/อำเภอเมืองบุรีรัมย์/ตำบลชุมเห็ด_27,อำเภอเมืองบุรีรัมย์,ตำบลชุมเห็ด,14,ไม่แสดงความคิดเห็น,64
237,referendum/inside/อำเภอเมืองบุรีรัมย์/ตำบลชุมเห็ด_29,อำเภอเมืองบุรีรัมย์,ตำบลชุมเห็ด,15,เห็นชอบ,206
238,referendum/inside/อำเภอเมืองบุรีรัมย์/ตำบลชุมเห็ด_29,อำเภอเมืองบุรีรัมย์,ตำบลชุมเห็ด,15,ไม่เห็นชอบ,157
239,referendum/inside/อำเภอเมืองบุรีรัมย์/ตำบลชุมเห็ด_29,อำเภอเมืองบุรีรัมย์,ตำบลชุมเห็ด,15,ไม่แสดงความคิดเห็น,46
240,referendum/inside/อำเภอเมืองบุรีรัมย์/ตำบลชุมเห็ด_31,อำเภอเมืองบุรีรัมย์,ตำบลชุมเห็ด,16,เห็นชอบ,174
241,referendum/inside/อำเภอเมืองบุรีรัมย์/ตำบลชุมเห็ด_31,อำเภอเมืองบุรีรัมย์,ตำบลชุมเห็ด,16,ไม่เห็นชอบ,195
242,referendum/inside/อำเภอเมืองบุรีรัมย์/ตำบลชุมเห็ด_31,อำเภอเมืองบุรีรัมย์,ตำบลชุมเห็ด,16,ไม่แสดงความคิดเห็น,24
243,referendum/inside/อำเภอเมืองบุรีรัมย์/ตำบลชุมเห็ด_33,อำเภอเมืองบุรีรัมย์,ตำบลชุมเห็ด,17,เห็นชอบ,218
244,referendum/inside/อำเภอเมืองบุรีรัมย์/ตำบลชุมเห็ด_33,อำเภอเมืองบุรีรัมย์,ตำบลชุมเห็ด,17,ไม่เห็นชอบ,175
245,referendum/inside/อำเภอเมืองบุรีรัมย์/ตำบลชุมเห็ด_33,อำเภอเมืองบุรีรัมย์,ตำบลชุมเห็ด,17,ไม่แสดงความคิดเห็น,22
246,referendum/inside/อำเภอเมืองบุรีรัมย์/ตำบลชุมเห็ด_35,อำเภอเมืองบุรีรัมย์,ตำบลชุมเห็ด,18,เห็นชอบ,58
247,referendum/inside/อำเภอเมืองบุรีรัมย์/ตำบลชุมเห็ด_35,อำเภอเมืองบุรีรัมย์,ตำบลชุมเห็ด,18,ไม่เห็นชอบ,64
248,referendum/inside/อำเภอเมืองบุรีรัมย์/ตำบลชุมเห็ด_35,อำเภอเมืองบุรีรัมย์,ตำบลชุมเห็ด,18,ไม่แสดงความคิดเห็น,14
249,referendum/inside/อำเภอเมืองบุรีรัมย์/ตำบลชุมเห็ด_37,อำเภอเมืองบุรีรัมย์,ตำบลชุมเห็ด,19,เห็นชอบ,115
250,referendum/inside/อำเภอเมืองบุรีรัมย์/ตำบลชุมเห็ด_37,อำเภอเมืองบุรีรัมย์,ตำบลชุมเห็ด,19,ไม่เห็นชอบ,99
251,referendum/inside/อำเภอเมืองบุรีรัมย์/ตำบลชุมเห็ด_37,อำเภอเมืองบุรีรัมย์,ตำบลชุมเห็ด,19,ไม่แสดงความคิดเห็น,34
252,referendum/inside/อำเภอเมืองบุรีรัมย์/ตำบลชุมเห็ด_39,อำเภอเมืองบุรีรัมย์,ตำบลชุมเห็ด,20,เห็นชอบ,114
253,referendum/inside/อำเภอเมืองบุรีรัมย์/ตำบลชุมเห็ด_39,อำเภอเมืองบุรีรัมย์,ตำบลชุมเห็ด,20,ไม่เห็นชอบ,195
254,referendum/inside/อำเภอเมืองบุรีรัมย์/ตำบลชุมเห็ด_39,อำเภอเมืองบุรีรัมย์,ตำบลชุมเห็ด,20,ไม่แสดงความคิดเห็น,39
255,referendum/inside/อำเภอเมืองบุรีรัมย์/ตำบลชุมเห็ด_41,อำเภอเมืองบุรีรัมย์,ตำบลชุมเห็ด,21,เห็นชอบ,234
256,referendum/inside/อำเภอเมืองบุรีรัมย์/ตำบลชุมเห็ด_41,อำเภอเมืองบุรีรัมย์,ตำบลชุมเห็ด,21,ไม่เห็นชอบ,172
257,referendum/inside/อำเภอเมืองบุรีรัมย์/ตำบลชุมเห็ด_41,อำเภอเมืองบุรีรัมย์,ตำบลชุมเห็ด,21,ไม่แสดงความคิดเห็น,54
258,referendum/inside/อำเภอเมืองบุรีรัมย์/ตำบลชุมเห็ด_43,อำเภอเมืองบุรีรัมย์,ตำบลชุมเห็ด,22,เห็นชอบ,65
259,referendum/inside/อำเภอเมืองบุรีรัมย์/ตำบลชุมเห็ด_43,อำเภอเมืองบุรีรัมย์,ตำบลชุมเห็ด,22,ไม่เห็นชอบ,60
260,referendum/inside/อำเภอเมืองบุรีรัมย์/ตำบลชุมเห็ด_43,อำเภอเมืองบุรีรัมย์,ตำบลชุมเห็ด,22,ไม่แสดงความคิดเห็น,16
261,referendum/inside/อำเภอเมืองบุรีรัมย์/ตำบลชุมเห็ด_45,อำเภอเมืองบุรีรัมย์,ตำบลชุมเห็ด,23,เห็นชอบ,20
262,referendum/inside/อำเภอเมืองบุรีรัมย์/ตำบลชุมเห็ด_45,อำเภอเมืองบุรีรัมย์,ตำบลชุมเห็ด,23,ไม่เห็นชอบ,33
263,referendum/inside/อำเภอเมืองบุรีรัมย์/ตำบลชุมเห็ด_45,อำเภอเมืองบุรีรัมย์,ตำบลชุมเห็ด,23,ไม่แสดงความคิดเห็น,35
264,referendum/inside/อำเภอเมืองบุรีรัมย์/ตำบลชุมเห็ด_47,อำเภอเมืองบุรีรัมย์,ตำบลชุมเห็ด,24,เห็นชอบ,183
265,referendum/inside/อำเภอเมืองบุรีรัมย์/ตำบลชุมเห็ด_47,อำเภอเมืองบุรีรัมย์,ตำบลชุมเห็ด,24,ไม่เห็นชอบ,118
266,referendum/inside/อำเภอเมืองบุรีรัมย์/ตำบลชุมเห็ด_47,อำเภอเมืองบุรีรัมย์,ตำบลชุมเห็ด,24,ไม่แสดงความคิดเห็น,23
267,referendum/inside/อำเภอเมืองบุรีรัมย์/ตำบลชุมเห็ด_49,อำเภอเมืองบุรีรัมย์,ตำบลชุมเห็ด,25,เห็นชอบ,205
268,referendum/inside/อำเภอเมืองบุรีรัมย์/ตำบลชุมเห็ด_49,อำเภอเมืองบุรีรัมย์,ตำบลชุมเห็ด,25,ไม่เห็นชอบ,181
269,referendum/inside/อำเภอเมืองบุรีรัมย์/ตำบลชุมเห็ด_49,อำเภอเมืองบุรีรัมย์,ตำบลชุมเห็ด,25,ไม่แสดงความคิดเห็น,32
270,referendum/inside/อำเภอเมืองบุรีรัมย์/ตำบลชุมเห็ด_51,อำเภอเมืองบุรีรัมย์,ตำบลชุมเห็ด,26,เห็นชอบ,161
271,referendum/inside/อำเภอเมืองบุรีรัมย์/ตำบลชุมเห็ด_51,อำเภอเมืองบุรีรัมย์,ตำบลชุมเห็ด,26,ไม่เห็นชอบ,141
272,referendum/inside/อำเภอเมืองบุรีรัมย์/ตำบลชุมเห็ด_51,อำเภอเมืองบุรีรัมย์,ตำบลชุมเห็ด,26,ไม่แสดงความคิดเห็น,20
273,referendum/inside/อำเภอเมืองบุรีรัมย์/ตำบลชุมเห็ด_53,อำเภอเมืองบุรีรัมย์,ตำบลชุมเห็ด,27,เห็นชอบ,156
274,referendum/inside/อำเภอเมืองบุรีรัมย์/ตำบลชุมเห็ด_53,อำเภอเมืองบุรีรัมย์,ตำบลชุมเห็ด,27,ไม่เห็นชอบ,147
275,referendum/inside/อำเภอเมืองบุรีรัมย์/ตำบลชุมเห็ด_53,อำเภอเมืองบุรีรัมย์,ตำบลชุมเห็ด,27,ไม่แสดงความคิดเห็น,31
276,referendum/inside/อำเภอเมืองบุรีรัมย์/ตำบลชุมเห็ด_55,อำเภอเมืองบุรีรัมย์,ตำบลชุมเห็ด,28,เห็นชอบ,968
277,referendum/inside/อำเภอเมืองบุรีรัมย์/ตำบลชุมเห็ด_55,อำเภอเมืองบุรีรัมย์,ตำบลชุมเห็ด,28,ไม่เห็นชอบ,145
278,referendum/inside/อำเภอเมืองบุรีรัมย์/ตำบลชุมเห็ด_55,อำเภอเมืองบุรีรัมย์,ตำบลชุมเห็ด,28,ไม่แสดงความคิดเห็น,30
279,referendum/inside/อำเภอเมืองบุรีรัมย์/ตำบลชุมเห็ด_57,อำเภอเมืองบุรีรัมย์,ตำบลชุมเห็ด,29,เห็นชอบ,156
280,referendum/inside/อำเภอเมืองบุรีรัมย์/ตำบลชุมเห็ด_57,อำเภอเมืองบุรีรัมย์,ตำบลชุมเห็ด,29,ไม่เห็นชอบ,93
281,referendum/inside/อำเภอเมืองบุรีรัมย์/ตำบลชุมเห็ด_57,อำเภอเมืองบุรีรัมย์,ตำบลชุมเห็ด,29,ไม่แสดงความคิดเห็น,36
282,referendum/inside/อำเภอเมืองบุรีรัมย์/ตำบลชุมเห็ด_59,อำเภอเมืองบุรีรัมย์,ตำบลชุมเห็ด,30,เห็นชอบ,149
283,referendum/inside/อำเภอเมืองบุรีรัมย์/ตำบลชุมเห็ด_59,อำเภอเมืองบุรีรัมย์,ตำบลชุมเห็ด,30,ไม่เห็นชอบ,108
284,referendum/inside/อำเภอเมืองบุรีรัมย์/ตำบลชุมเห็ด_59,อำเภอเมืองบุรีรัมย์,ตำบลชุมเห็ด,30,ไม่แสดงความคิดเห็น,45
285,referendum/inside/อำเภอเมืองบุรีรัมย์/ตำบลชุมเห็ด_61,อำเภอเมืองบุรีรัมย์,ตำบลชุมเห็ด,31,เห็นชอบ,224
286,referendum/inside/อำเภอเมืองบุรีรัมย์/ตำบลชุมเห็ด_61,อำเภอเมืองบุรีรัมย์,ตำบลชุมเห็ด,31,ไม่เห็นชอบ,196
287,referendum/inside/อำเภอเมืองบุรีรัมย์/ตำบลชุมเห็ด_61,อำเภอเมืองบุรีรัมย์,ตำบลชุมเห็ด,31,ไม่แสดงความคิดเห็น,45
288,referendum/inside/อำเภอเมืองบุรีรัมย์/ตำบลถลุงเหล็ก_1,อำเภอเมืองบุรีรัมย์,ตำบลถลุงเหล็ก,1,เห็นชอบ,82
289,referendum/inside/อำเภอเมืองบุรีรัมย์/ตำบลถลุงเหล็ก_1,อำเภอเมืองบุรีรัมย์,ตำบลถลุงเหล็ก,1,ไม่เห็นชอบ,96
290,referendum/inside/อำเภอเมืองบุรีรัมย์/ตำบลถลุงเหล็ก_1,อำเภอเมืองบุรีรัมย์,ตำบลถลุงเหล็ก,1,ไม่แสดงความคิดเห็น,27
291,referendum/inside/อำเภอเมืองบุรีรัมย์/ตำบลถลุงเหล็ก_3,อำเภอเมืองบุรีรัมย์,ตำบลถลุงเหล็ก,2,เห็นชอบ,86
292,referendum/inside/อำเภอเมืองบุรีรัมย์/ตำบลถลุงเหล็ก_3,อำเภอเมืองบุรีรัมย์,ตำบลถลุงเหล็ก,2,ไม่เห็นชอบ,72
293,referendum/inside/อำเภอเมืองบุรีรัมย์/ตำบลถลุงเหล็ก_3,อำเภอเมืองบุรีรัมย์,ตำบลถลุงเหล็ก,2,ไม่แสดงความคิดเห็น,21
294,referendum/inside/อำเภอเมืองบุรีรัมย์/ตำบลถลุงเหล็ก_5,อำเภอเมืองบุรีรัมย์,ตำบลถลุงเหล็ก,3,เห็นชอบ,83
295,referendum/inside/อำเภอเมืองบุรีรัมย์/ตำบลถลุงเหล็ก_5,อำเภอเมืองบุรีรัมย์,ตำบลถลุงเหล็ก,3,ไม่เห็นชอบ,63
296,referendum/inside/อำเภอเมืองบุรีรัมย์/ตำบลถลุงเหล็ก_5,อำเภอเมืองบุรีรัมย์,ตำบลถลุงเหล็ก,3,ไม่แสดงความคิดเห็น,9
297,referendum/inside/อำเภอเมืองบุรีรัมย์/ตำบลถลุงเหล็ก_7,อำเภอเมืองบุรีรัมย์,ตำบลถลุงเหล็ก,4,เห็นชอบ,122
298,referendum/inside/อำเภอเมืองบุรีรัมย์/ตำบลถลุงเหล็ก_7,อำเภอเมืองบุรีรัมย์,ตำบลถลุงเหล็ก,4,ไม่เห็นชอบ,85
299,referendum/inside/อำเภอเมืองบุรีรัมย์/ตำบลถลุงเหล็ก_7,อำเภอเมืองบุรีรัมย์,ตำบลถลุงเหล็ก,4,ไม่แสดงความคิดเห็น,50
300,referendum/inside/อำเภอเมืองบุรีรัมย์/ตำบลถลุงเหล็ก_9,อำเภอเมืองบุรีรัมย์,ตำบลถลุงเหล็ก,5,เห็นชอบ,57
301,referendum/inside/อำเภอเมืองบุรีรัมย์/ตำบลถลุงเหล็ก_9,อำเภอเมืองบุรีรัมย์,ตำบลถลุงเหล็ก,5,ไม่เห็นชอบ,62
302,referendum/inside/อำเภอเมืองบุรีรัมย์/ตำบลถลุงเหล็ก_9,อำเภอเมืองบุรีรัมย์,ตำบลถลุงเหล็ก,5,ไม่แสดงความคิดเห็น,15
303,referendum/inside/อำเภอเมืองบุรีรัมย์/ตำบลถลุงเหล็ก_11,อำเภอเมืองบุรีรัมย์,ตำบลถลุงเหล็ก,6,เห็นชอบ,117
304,referendum/inside/อำเภอเมืองบุรีรัมย์/ตำบลถลุงเหล็ก_11,อำเภอเมืองบุรีรัมย์,ตำบลถลุงเหล็ก,6,ไม่เห็นชอบ,98
305,referendum/inside/อำเภอเมืองบุรีรัมย์/ตำบลถลุงเหล็ก_11,อำเภอเมืองบุรีรัมย์,ตำบลถลุงเหล็ก,6,ไม่แสดงความคิดเห็น,19
306,referendum/inside/อำเภอเมืองบุรีรัมย์/ตำบลถลุงเหล็ก_13,อำเภอเมืองบุรีรัมย์,ตำบลถลุงเหล็ก,7,เห็นชอบ,169
307,referendum/inside/อำเภอเมืองบุรีรัมย์/ตำบลถลุงเหล็ก_13,อำเภอเมืองบุรีรัมย์,ตำบลถลุงเหล็ก,7,ไม่เห็นชอบ,107
308,referendum/inside/อำเภอเมืองบุรีรัมย์/ตำบลถลุงเหล็ก_13,อำเภอเมืองบุรีรัมย์,ตำบลถลุงเหล็ก,7,ไม่แสดงความคิดเห็น,2726
309,referendum/inside/อำเภอเมืองบุรีรัมย์/ตำบลถลุงเหล็ก_15,อำเภอเมืองบุรีรัมย์,ตำบลถลุงเหล็ก,8,เห็นชอบ,68
310,referendum/inside/อำเภอเมืองบุรีรัมย์/ตำบลถลุงเหล็ก_15,อำเภอเมืองบุรีรัมย์,ตำบลถลุงเหล็ก,8,ไม่เห็นชอบ,70
311,referendum/inside/อำเภอเมืองบุรีรัมย์/ตำบลถลุงเหล็ก_15,อำเภอเมืองบุรีรัมย์,ตำบลถลุงเหล็ก,8,ไม่แสดงความคิดเห็น,9
312,referendum/inside/อำเภอเมืองบุรีรัมย์/ตำบลถลุงเหล็ก_17,อำเภอเมืองบุรีรัมย์,ตำบลถลุงเหล็ก,9,เห็นชอบ,112
313,referendum/inside/อำเภอเมืองบุรีรัมย์/ตำบลถลุงเหล็ก_17,อำเภอเมืองบุรีรัมย์,ตำบลถลุงเหล็ก,9,ไม่เห็นชอบ,76
314,referendum/inside/อำเภอเมืองบุรีรัมย์/ตำบลถลุงเหล็ก_17,อำเภอเมืองบุรีรัมย์,ตำบลถลุงเหล็ก,9,ไม่แสดงความคิดเห็น,20
315,referendum/inside/อำเภอเมืองบุรีรัมย์/ตำบลถลุงเหล็ก_19,อำเภอเมืองบุรีรัมย์,ตำบลถลุงเหล็ก,10,เห็นชอบ,94
316,referendum/inside/อำเภอเมืองบุรีรัมย์/ตำบลถลุงเหล็ก_19,อำเภอเมืองบุรีรัมย์,ตำบลถลุงเหล็ก,10,ไม่เห็นชอบ,49
317,referendum/inside/อำเภอเมืองบุรีรัมย์/ตำบลถลุงเหล็ก_19,อำเภอเมืองบุรีรัมย์,ตำบลถลุงเหล็ก,10,ไม่แสดงความคิดเห็น,17
318,referendum/inside/อำเภอเมืองบุรีรัมย์/ตำบลถลุงเหล็ก_21,อำเภอเมืองบุรีรัมย์,ตำบลถลุงเหล็ก,11,เห็นชอบ,130
319,referendum/inside/อำเภอเมืองบุรีรัมย์/ตำบลถลุงเหล็ก_21,อำเภอเมืองบุรีรัมย์,ตำบลถลุงเหล็ก,11,ไม่เห็นชอบ,55
320,referendum/inside/อำเภอเมืองบุรีรัมย์/ตำบลถลุงเหล็ก_21,อำเภอเมืองบุรีรัมย์,ตำบลถลุงเหล็ก,11,ไม่แสดงความคิดเห็น,20
321,referendum/inside/อำเภอเมืองบุรีรัมย์/ตำบลถลุงเหล็ก_23,อำเภอเมืองบุรีรัมย์,ตำบลถลุงเหล็ก,12,เห็นชอบ,133
322,referendum/inside/อำเภอเมืองบุรีรัมย์/ตำบลถลุงเหล็ก_23,อำเภอเมืองบุรีรัมย์,ตำบลถลุงเหล็ก,12,ไม่เห็นชอบ,12
323,referendum/inside/อำเภอเมืองบุรีรัมย์/ตำบลถลุงเหล็ก_23,อำเภอเมืองบุรีรัมย์,ตำบลถลุงเหล็ก,12,ไม่แสดงความคิดเห็น,17
324,referendum/inside/อำเภอเมืองบุรีรัมย์/ตำบลถลุงเหล็ก_25,อำเภอเมืองบุรีรัมย์,ตำบลถลุงเหล็ก,13,เห็นชอบ,96
325,referendum/inside/อำเภอเมืองบุรีรัมย์/ตำบลถลุงเหล็ก_25,อำเภอเมืองบุรีรัมย์,ตำบลถลุงเหล็ก,13,ไม่เห็นชอบ,90
326,referendum/inside/อำเภอเมืองบุรีรัมย์/ตำบลถลุงเหล็ก_25,อำเภอเมืองบุรีรัมย์,ตำบลถลุงเหล็ก,13,ไม่แสดงความคิดเห็น,28
327,referendum/inside/อำเภอเมืองบุรีรัมย์/ตำบลถลุงเหล็ก_27,อำเภอเมืองบุรีรัมย์,ตำบลถลุงเหล็ก,14,เห็นชอบ,53
328,referendum/inside/อำเภอเมืองบุรีรัมย์/ตำบลถลุงเหล็ก_27,อำเภอเมืองบุรีรัมย์,ตำบลถลุงเหล็ก,14,ไม่เห็นชอบ,64
329,referendum/inside/อำเภอเมืองบุรีรัมย์/ตำบลถลุงเหล็ก_27,อำเภอเมืองบุรีรัมย์,ตำบลถลุงเหล็ก,14,ไม่แสดงความคิดเห็น,15
330,referendum/inside/อำเภอเมืองบุรีรัมย์/ตำบลในเมือง_1,อำเภอเมืองบุรีรัมย์,ตำบลในเมือง,1,เห็นชอบ,462
331,referendum/inside/อำเภอเมืองบุรีรัมย์/ตำบลในเมือง_1,อำเภอเมืองบุรีรัมย์,ตำบลในเมือง,1,ไม่เห็นชอบ,186
332,referendum/inside/อำเภอเมืองบุรีรัมย์/ตำบลในเมือง_1,อำเภอเมืองบุรีรัมย์,ตำบลในเมือง,1,ไม่แสดงความคิดเห็น,57
333,referendum/inside/อำเภอเมืองบุรีรัมย์/ตำบลในเมือง_3,อำเภอเมืองบุรีรัมย์,ตำบลในเมือง,2,เห็นชอบ,124
334,referendum/inside/อำเภอเมืองบุรีรัมย์/ตำบลในเมือง_3,อำเภอเมืองบุรีรัมย์,ตำบลในเมือง,2,ไม่เห็นชอบ,137
335,referendum/inside/อำเภอเมืองบุรีรัมย์/ตำบลในเมือง_3,อำเภอเมืองบุรีรัมย์,ตำบลในเมือง,2,ไม่แสดงความคิดเห็น,28
336,referendum/inside/อำเภอเมืองบุรีรัมย์/ตำบลในเมือง_5,อำเภอเมืองบุรีรัมย์,ตำบลในเมือง,3,เห็นชอบ,117
337,referendum/inside/อำเภอเมืองบุรีรัมย์/ตำบลในเมือง_5,อำเภอเมืองบุรีรัมย์,ตำบลในเมือง,3,ไม่เห็นชอบ,126
338,referendum/inside/อำเภอเมืองบุรีรัมย์/ตำบลในเมือง_5,อำเภอเมืองบุรีรัมย์,ตำบลในเมือง,3,ไม่แสดงความคิดเห็น,32
339,referendum/inside/อำเภอเมืองบุรีรัมย์/ตำบลในเมือง_7,อำเภอเมืองบุรีรัมย์,ตำบลในเมือง,4,เห็นชอบ,128
340,referendum/inside/อำเภอเมืองบุรีรัมย์/ตำบลในเมือง_7,อำเภอเมืองบุรีรัมย์,ตำบลในเมือง,4,ไม่เห็นชอบ,164
341,referendum/inside/อำเภอเมืองบุรีรัมย์/ตำบลในเมือง_7,อำเภอเมืองบุรีรัมย์,ตำบลในเมือง,4,ไม่แสดงความคิดเห็น,42
342,referendum/inside/อำเภอเมืองบุรีรัมย์/ตำบลในเมือง_9,อำเภอเมืองบุรีรัมย์,ตำบลในเมือง,5,เห็นชอบ,162
343,referendum/inside/อำเภอเมืองบุรีรัมย์/ตำบลในเมือง_9,อำเภอเมืองบุรีรัมย์,ตำบลในเมือง,5,ไม่เห็นชอบ,186
344,referendum/inside/อำเภอเมืองบุรีรัมย์/ตำบลในเมือง_9,อำเภอเมืองบุรีรัมย์,ตำบลในเมือง,5,ไม่แสดงความคิดเห็น,30
345,referendum/inside/อำเภอเมืองบุรีรัมย์/ตำบลในเมือง_11,อำเภอเมืองบุรีรัมย์,ตำบลในเมือง,6,เห็นชอบ,136
346,referendum/inside/อำเภอเมืองบุรีรัมย์/ตำบลในเมือง_11,อำเภอเมืองบุรีรัมย์,ตำบลในเมือง,6,ไม่เห็นชอบ,128
347,referendum/inside/อำเภอเมืองบุรีรัมย์/ตำบลในเมือง_11,อำเภอเมืองบุรีรัมย์,ตำบลในเมือง,6,ไม่แสดงความคิดเห็น,23
348,referendum/inside/อำเภอเมืองบุรีรัมย์/ตำบลในเมือง_13,อำเภอเมืองบุรีรัมย์,ตำบลในเมือง,7,เห็นชอบ,141
349,referendum/inside/อำเภอเมืองบุรีรัมย์/ตำบลในเมือง_13,อำเภอเมืองบุรีรัมย์,ตำบลในเมือง,7,ไม่เห็นชอบ,132
350,referendum/inside/อำเภอเมืองบุรีรัมย์/ตำบลในเมือง_13,อำเภอเมืองบุรีรัมย์,ตำบลในเมือง,7,ไม่แสดงความคิดเห็น,18
351,referendum/inside/อำเภอเมืองบุรีรัมย์/ตำบลในเมือง_15,อำเภอเมืองบุรีรัมย์,ตำบลในเมือง,8,เห็นชอบ,194
352,referendum/inside/อำเภอเมืองบุรีรัมย์/ตำบลในเมือง_15,อำเภอเมืองบุรีรัมย์,ตำบลในเมือง,8,ไม่เห็นชอบ,158
353,referendum/inside/อำเภอเมืองบุรีรัมย์/ตำบลในเมือง_15,อำเภอเมืองบุรีรัมย์,ตำบลในเมือง,8,ไม่แสดงความคิดเห็น,30
354,referendum/inside/อำเภอเมืองบุรีรัมย์/ตำบลในเมือง_17,อำเภอเมืองบุรีรัมย์,ตำบลในเมือง,9,เห็นชอบ,170
355,referendum/inside/อำเภอเมืองบุรีรัมย์/ตำบลในเมือง_17,อำเภอเมืองบุรีรัมย์,ตำบลในเมือง,9,ไม่เห็นชอบ,197
356,referendum/inside/อำเภอเมืองบุรีรัมย์/ตำบลในเมือง_17,อำเภอเมืองบุรีรัมย์,ตำบลในเมือง,9,ไม่แสดงความคิดเห็น,14
357,referendum/inside/อำเภอเมืองบุรีรัมย์/ตำบลในเมือง_19,อำเภอเมืองบุรีรัมย์,ตำบลในเมือง,10,เห็นชอบ,147
358,referendum/inside/อำเภอเมืองบุรีรัมย์/ตำบลในเมือง_19,อำเภอเมืองบุรีรัมย์,ตำบลในเมือง,10,ไม่เห็นชอบ,106
359,referendum/inside/อำเภอเมืองบุรีรัมย์/ตำบลในเมือง_19,อำเภอเมืองบุรีรัมย์,ตำบลในเมือง,10,ไม่แสดงความคิดเห็น,19
360,referendum/inside/อำเภอเมืองบุรีรัมย์/ตำบลในเมือง_21,อำเภอเมืองบุรีรัมย์,ตำบลในเมือง,11,เห็นชอบ,127
361,referendum/inside/อำเภอเมืองบุรีรัมย์/ตำบลในเมือง_21,อำเภอเมืองบุรีรัมย์,ตำบลในเมือง,11,ไม่เห็นชอบ,119
362,referendum/inside/อำเภอเมืองบุรีรัมย์/ตำบลในเมือง_21,อำเภอเมืองบุรีรัมย์,ตำบลในเมือง,11,ไม่แสดงความคิดเห็น,21
363,referendum/inside/อำเภอเมืองบุรีรัมย์/ตำบลในเมือง_23,อำเภอเมืองบุรีรัมย์,ตำบลในเมือง,12,เห็นชอบ,115
364,referendum/inside/อำเภอเมืองบุรีรัมย์/ตำบลในเมือง_23,อำเภอเมืองบุรีรัมย์,ตำบลในเมือง,12,ไม่เห็นชอบ,123
365,referendum/inside/อำเภอเมืองบุรีรัมย์/ตำบลในเมือง_23,อำเภอเมืองบุรีรัมย์,ตำบลในเมือง,12,ไม่แสดงความคิดเห็น,31
366,referendum/inside/อำเภอเมืองบุรีรัมย์/ตำบลในเมือง_25,อำเภอเมืองบุรีรัมย์,ตำบลในเมือง,13,เห็นชอบ,127
367,referendum/inside/อำเภอเมืองบุรีรัมย์/ตำบลในเมือง_25,อำเภอเมืองบุรีรัมย์,ตำบลในเมือง,13,ไม่เห็นชอบ,101
368,referendum/inside/อำเภอเมืองบุรีรัมย์/ตำบลในเมือง_25,อำเภอเมืองบุรีรัมย์,ตำบลในเมือง,13,ไม่แสดงความคิดเห็น,24
369,referendum/inside/อำเภอเมืองบุรีรัมย์/ตำบลในเมือง_27,อำเภอเมืองบุรีรัมย์,ตำบลในเมือง,14,เห็นชอบ,225
370,referendum/inside/อำเภอเมืองบุรีรัมย์/ตำบลในเมือง_27,อำเภอเมืองบุรีรัมย์,ตำบลในเมือง,14,ไม่เห็นชอบ,178
371,referendum/inside/อำเภอเมืองบุรีรัมย์/ตำบลในเมือง_27,อำเภอเมืองบุรีรัมย์,ตำบลในเมือง,14,ไม่แสดงความคิดเห็น,33
372,referendum/inside/อำเภอเมืองบุรีรัมย์/ตำบลในเมือง_29,อำเภอเมืองบุรีรัมย์,ตำบลในเมือง,15,เห็นชอบ,142
373,referendum/inside/อำเภอเมืองบุรีรัมย์/ตำบลในเมือง_29,อำเภอเมืองบุรีรัมย์,ตำบลในเมือง,15,ไม่เห็นชอบ,148
374,referendum/inside/อำเภอเมืองบุรีรัมย์/ตำบลในเมือง_29,อำเภอเมืองบุรีรัมย์,ตำบลในเมือง,15,ไม่แสดงความคิดเห็น,22
375,referendum/inside/อำเภอเมืองบุรีรัมย์/ตำบลในเมือง_31,อำเภอเมืองบุรีรัมย์,ตำบลในเมือง,16,เห็นชอบ,150
376,referendum/inside/อำเภอเมืองบุรีรัมย์/ตำบลในเมือง_31,อำเภอเมืองบุรีรัมย์,ตำบลในเมือง,16,ไม่เห็นชอบ,150
377,referendum/inside/อำเภอเมืองบุรีรัมย์/ตำบลในเมือง_31,อำเภอเมืองบุรีรัมย์,ตำบลในเมือง,16,ไม่แสดงความคิดเห็น,18
378,referendum/inside/อำเภอเมืองบุรีรัมย์/ตำบลในเมือง_33,อำเภอเมืองบุรีรัมย์,ตำบลในเมือง,17,เห็นชอบ,111
379,referendum/inside/อำเภอเมืองบุรีรัมย์/ตำบลในเมือง_33,อำเภอเมืองบุรีรัมย์,ตำบลในเมือง,17,ไม่เห็นชอบ,73
380,referendum/inside/อำเภอเมืองบุรีรัมย์/ตำบลในเมือง_33,อำเภอเมืองบุรีรัมย์,ตำบลในเมือง,17,ไม่แสดงความคิดเห็น,18
381,referendum/inside/อำเภอเมืองบุรีรัมย์/ตำบลในเมือง_35,อำเภอเมืองบุรีรัมย์,ตำบลในเมือง,18,เห็นชอบ,198
382,referendum/inside/อำเภอเมืองบุรีรัมย์/ตำบลในเมือง_35,อำเภอเมืองบุรีรัมย์,ตำบลในเมือง,18,ไม่เห็นชอบ,138
383,referendum/inside/อำเภอเมืองบุรีรัมย์/ตำบลในเมือง_35,อำเภอเมืองบุรีรัมย์,ตำบลในเมือง,18,ไม่แสดงความคิดเห็น,16
384,referendum/inside/อำเภอเมืองบุรีรัมย์/ตำบลในเมือง_37,อำเภอเมืองบุรีรัมย์,ตำบลในเมือง,19,เห็นชอบ,168
385,referendum/inside/อำเภอเมืองบุรีรัมย์/ตำบลในเมือง_37,อำเภอเมืองบุรีรัมย์,ตำบลในเมือง,19,ไม่เห็นชอบ,154
386,referendum/inside/อำเภอเมืองบุรีรัมย์/ตำบลในเมือง_37,อำเภอเมืองบุรีรัมย์,ตำบลในเมือง,19,ไม่แสดงความคิดเห็น,22
387,referendum/inside/อำเภอเมืองบุรีรัมย์/ตำบลในเมือง_39,อำเภอเมืองบุรีรัมย์,ตำบลในเมือง,20,เห็นชอบ,116
388,referendum/inside/อำเภอเมืองบุรีรัมย์/ตำบลในเมือง_39,อำเภอเมืองบุรีรัมย์,ตำบลในเมือง,20,ไม่เห็นชอบ,133
389,referendum/inside/อำเภอเมืองบุรีรัมย์/ตำบลในเมือง_39,อำเภอเมืองบุรีรัมย์,ตำบลในเมือง,20,ไม่แสดงความคิดเห็น,19
390,referendum/inside/อำเภอเมืองบุรีรัมย์/ตำบลในเมือง_41,อำเภอเมืองบุรีรัมย์,ตำบลในเมือง,21,เห็นชอบ,111
391,referendum/inside/อำเภอเมืองบุรีรัมย์/ตำบลในเมือง_41,อำเภอเมืองบุรีรัมย์,ตำบลในเมือง,21,ไม่เห็นชอบ,112
392,referendum/inside/อำเภอเมืองบุรีรัมย์/ตำบลในเมือง_41,อำเภอเมืองบุรีรัมย์,ตำบลในเมือง,21,ไม่แสดงความคิดเห็น,22
393,referendum/inside/อำเภอเมืองบุรีรัมย์/ตำบลในเมือง_43,อำเภอเมืองบุรีรัมย์,ตำบลในเมือง,22,เห็นชอบ,131
394,referendum/inside/อำเภอเมืองบุรีรัมย์/ตำบลในเมือง_43,อำเภอเมืองบุรีรัมย์,ตำบลในเมือง,22,ไม่เห็นชอบ,154
395,referendum/inside/อำเภอเมืองบุรีรัมย์/ตำบลในเมือง_43,อำเภอเมืองบุรีรัมย์,ตำบลในเมือง,22,ไม่แสดงความคิดเห็น,16
396,referendum/inside/อำเภอเมืองบุรีรัมย์/ตำบลในเมือง_45,อำเภอเมืองบุรีรัมย์,ตำบลในเมือง,23,เห็นชอบ,206
397,referendum/inside/อำเภอเมืองบุรีรัมย์/ตำบลในเมือง_45,อำเภอเมืองบุรีรัมย์,ตำบลในเมือง,23,ไม่เห็นชอบ,219
398,referendum/inside/อำเภอเมืองบุรีรัมย์/ตำบลในเมือง_45,อำเภอเมืองบุรีรัมย์,ตำบลในเมือง,23,ไม่แสดงความคิดเห็น,25
399,referendum/inside/อำเภอเมืองบุรีรัมย์/ตำบลในเมือง_47,อำเภอเมืองบุรีรัมย์,ตำบลในเมือง,24,เห็นชอบ,174
400,referendum/inside/อำเภอเมืองบุรีรัมย์/ตำบลในเมือง_47,อำเภอเมืองบุรีรัมย์,ตำบลในเมือง,24,ไม่เห็นชอบ,153
401,referendum/inside/อำเภอเมืองบุรีรัมย์/ตำบลในเมือง_47,อำเภอเมืองบุรีรัมย์,ตำบลในเมือง,24,ไม่แสดงความคิดเห็น,24
402,referendum/inside/อำเภอเมืองบุรีรัมย์/ตำบลในเมือง_49,อำเภอเมืองบุรีรัมย์,ตำบลในเมือง,25,เห็นชอบ,286
403,referendum/inside/อำเภอเมืองบุรีรัมย์/ตำบลในเมือง_49,อำเภอเมืองบุรีรัมย์,ตำบลในเมือง,25,ไม่เห็นชอบ,246
404,referendum/inside/อำเภอเมืองบุรีรัมย์/ตำบลในเมือง_49,อำเภอเมืองบุรีรัมย์,ตำบลในเมือง,25,ไม่แสดงความคิดเห็น,24
405,referendum/inside/อำเภอเมืองบุรีรัมย์/ตำบลในเมือง_51,อำเภอเมืองบุรีรัมย์,ตำบลในเมือง,26,เห็นชอบ,176
406,referendum/inside/อำเภอเมืองบุรีรัมย์/ตำบลในเมือง_51,อำเภอเมืองบุรีรัมย์,ตำบลในเมือง,26,ไม่เห็นชอบ,173
407,referendum/inside/อำเภอเมืองบุรีรัมย์/ตำบลในเมือง_51,อำเภอเมืองบุรีรัมย์,ตำบลในเมือง,26,ไม่แสดงความคิดเห็น,28
408,referendum/inside/อำเภอเมืองบุรีรัมย์/ตำบลในเมือง_53,อำเภอเมืองบุรีรัมย์,ตำบลในเมือง,27,เห็นชอบ,258
409,referendum/inside/อำเภอเมืองบุรีรัมย์/ตำบลในเมือง_53,อำเภอเมืองบุรีรัมย์,ตำบลในเมือง,27,ไม่เห็นชอบ,196
410,referendum/inside/อำเภอเมืองบุรีรัมย์/ตำบลในเมือง_53,อำเภอเมืองบุรีรัมย์,ตำบลในเมือง,27,ไม่แสดงความคิดเห็น,49
411,referendum/inside/อำเภอเมืองบุรีรัมย์/ตำบลในเมือง_55,อำเภอเมืองบุรีรัมย์,ตำบลในเมือง,28,เห็นชอบ,198
412,referendum/inside/อำเภอเมืองบุรีรัมย์/ตำบลในเมือง_55,อำเภอเมืองบุรีรัมย์,ตำบลในเมือง,28,ไม่เห็นชอบ,212
413,referendum/inside/อำเภอเมืองบุรีรัมย์/ตำบลในเมือง_55,อำเภอเมืองบุรีรัมย์,ตำบลในเมือง,28,ไม่แสดงความคิดเห็น,45
414,referendum/inside/อำเภอเมืองบุรีรัมย์/ตำบลในเมือง_57,อำเภอเมืองบุรีรัมย์,ตำบลในเมือง,29,เห็นชอบ,242
415,referendum/inside/อำเภอเมืองบุรีรัมย์/ตำบลในเมือง_57,อำเภอเมืองบุรีรัมย์,ตำบลในเมือง,29,ไม่เห็นชอบ,239
416,referendum/inside/อำเภอเมืองบุรีรัมย์/ตำบลในเมือง_57,อำเภอเมืองบุรีรัมย์,ตำบลในเมือง,29,ไม่แสดงความคิดเห็น,50
417,referendum/inside/อำเภอเมืองบุรีรัมย์/ตำบลในเมือง_59,อำเภอเมืองบุรีรัมย์,ตำบลในเมือง,30,เห็นชอบ,224
418,referendum/inside/อำเภอเมืองบุรีรัมย์/ตำบลในเมือง_59,อำเภอเมืองบุรีรัมย์,ตำบลในเมือง,30,ไม่เห็นชอบ,241
419,referendum/inside/อำเภอเมืองบุรีรัมย์/ตำบลในเมือง_59,อำเภอเมืองบุรีรัมย์,ตำบลในเมือง,30,ไม่แสดงความคิดเห็น,54
420,referendum/inside/อำเภอเมืองบุรีรัมย์/ตำบลในเมือง_61,อำเภอเมืองบุรีรัมย์,ตำบลในเมือง,31,เห็นชอบ,244
421,referendum/inside/อำเภอเมืองบุรีรัมย์/ตำบลในเมือง_61,อำเภอเมืองบุรีรัมย์,ตำบลในเมือง,31,ไม่เห็นชอบ,233
422,referendum/inside/อำเภอเมืองบุรีรัมย์/ตำบลในเมือง_61,อำเภอเมืองบุรีรัมย์,ตำบลในเมือง,31,ไม่แสดงความคิดเห็น,27
423,referendum/inside/อำเภอเมืองบุรีรัมย์/ตำบลบัวทอง_1,อำเภอเมืองบุรีรัมย์,ตำบลบัวทอง,1,เห็นชอบ,192
424,referendum/inside/อำเภอเมืองบุรีรัมย์/ตำบลบัวทอง_1,อำเภอเมืองบุรีรัมย์,ตำบลบัวทอง,1,ไม่เห็นชอบ,158
425,referendum/inside/อำเภอเมืองบุรีรัมย์/ตำบลบัวทอง_1,อำเภอเมืองบุรีรัมย์,ตำบลบัวทอง,1,ไม่แสดงความคิดเห็น,46
426,referendum/inside/อำเภอเมืองบุรีรัมย์/ตำบลบัวทอง_3,อำเภอเมืองบุรีรัมย์,ตำบลบัวทอง,2,เห็นชอบ,107
427,referendum/inside/อำเภอเมืองบุรีรัมย์/ตำบลบัวทอง_3,อำเภอเมืองบุรีรัมย์,ตำบลบัวทอง,2,ไม่เห็นชอบ,101
428,referendum/inside/อำเภอเมืองบุรีรัมย์/ตำบลบัวทอง_3,อำเภอเมืองบุรีรัมย์,ตำบลบัวทอง,2,ไม่แสดงความคิดเห็น,27
429,referendum/inside/อำเภอเมืองบุรีรัมย์/ตำบลบัวทอง_5,อำเภอเมืองบุรีรัมย์,ตำบลบัวทอง,3,เห็นชอบ,76
430,referendum/inside/อำเภอเมืองบุรีรัมย์/ตำบลบัวทอง_5,อำเภอเมืองบุรีรัมย์,ตำบลบัวทอง,3,ไม่เห็นชอบ,55
431,referendum/inside/อำเภอเมืองบุรีรัมย์/ตำบลบัวทอง_5,อำเภอเมืองบุรีรัมย์,ตำบลบัวทอง,3,ไม่แสดงความคิดเห็น,12
432,referendum/inside/อำเภอเมืองบุรีรัมย์/ตำบลบัวทอง_7,อำเภอเมืองบุรีรัมย์,ตำบลบัวทอง,4,เห็นชอบ,186
433,referendum/inside/อำเภอเมืองบุรีรัมย์/ตำบลบัวทอง_7,อำเภอเมืองบุรีรัมย์,ตำบลบัวทอง,4,ไม่เห็นชอบ,90
434,referendum/inside/อำเภอเมืองบุรีรัมย์/ตำบลบัวทอง_7,อำเภอเมืองบุรีรัมย์,ตำบลบัวทอง,4,ไม่แสดงความคิดเห็น,35
435,referendum/inside/อำเภอเมืองบุรีรัมย์/ตำบลบัวทอง_9,อำเภอเมืองบุรีรัมย์,ตำบลบัวทอง,5,เห็นชอบ,159
436,referendum/inside/อำเภอเมืองบุรีรัมย์/ตำบลบัวทอง_9,อำเภอเมืองบุรีรัมย์,ตำบลบัวทอง,5,ไม่เห็นชอบ,62
437,referendum/inside/อำเภอเมืองบุรีรัมย์/ตำบลบัวทอง_9,อำเภอเมืองบุรีรัมย์,ตำบลบัวทอง,5,ไม่แสดงความคิดเห็น,27
438,referendum/inside/อำเภอเมืองบุรีรัมย์/ตำบลบัวทอง_11,อำเภอเมืองบุรีรัมย์,ตำบลบัวทอง,6,เห็นชอบ,21
439,referendum/inside/อำเภอเมืองบุรีรัมย์/ตำบลบัวทอง_11,อำเภอเมืองบุรีรัมย์,ตำบลบัวทอง,6,ไม่เห็นชอบ,84
440,referendum/inside/อำเภอเมืองบุรีรัมย์/ตำบลบัวทอง_11,อำเภอเมืองบุรีรัมย์,ตำบลบัวทอง,6,ไม่แสดงความคิดเห็น,43
441,referendum/inside/อำเภอเมืองบุรีรัมย์/ตำบลบัวทอง_13,อำเภอเมืองบุรีรัมย์,ตำบลบัวทอง,7,เห็นชอบ,215
442,referendum/inside/อำเภอเมืองบุรีรัมย์/ตำบลบัวทอง_13,อำเภอเมืองบุรีรัมย์,ตำบลบัวทอง,7,ไม่เห็นชอบ,99
443,referendum/inside/อำเภอเมืองบุรีรัมย์/ตำบลบัวทอง_13,อำเภอเมืองบุรีรัมย์,ตำบลบัวทอง,7,ไม่แสดงความคิดเห็น,2
444,referendum/inside/อำเภอเมืองบุรีรัมย์/ตำบลบัวทอง_15,อำเภอเมืองบุรีรัมย์,ตำบลบัวทอง,8,เห็นชอบ,75
445,referendum/inside/อำเภอเมืองบุรีรัมย์/ตำบลบัวทอง_15,อำเภอเมืองบุรีรัมย์,ตำบลบัวทอง,8,ไม่เห็นชอบ,48
446,referendum/inside/อำเภอเมืองบุรีรัมย์/ตำบลบัวทอง_15,อำเภอเมืองบุรีรัมย์,ตำบลบัวทอง,8,ไม่แสดงความคิดเห็น,17
447,referendum/inside/อำเภอเมืองบุรีรัมย์/ตำบลบัวทอง_17,อำเภอเมืองบุรีรัมย์,ตำบลบัวทอง,9,เห็นชอบ,143
448,referendum/inside/อำเภอเมืองบุรีรัมย์/ตำบลบัวทอง_17,อำเภอเมืองบุรีรัมย์,ตำบลบัวทอง,9,ไม่เห็นชอบ,108
449,referendum/inside/อำเภอเมืองบุรีรัมย์/ตำบลบัวทอง_17,อำเภอเมืองบุรีรัมย์,ตำบลบัวทอง,9,ไม่แสดงความคิดเห็น,23
450,referendum/inside/อำเภอเมืองบุรีรัมย์/ตำบลบัวทอง_19,อำเภอเมืองบุรีรัมย์,ตำบลบัวทอง,10,เห็นชอบ,70
451,referendum/inside/อำเภอเมืองบุรีรัมย์/ตำบลบัวทอง_19,อำเภอเมืองบุรีรัมย์,ตำบลบัวทอง,10,ไม่เห็นชอบ,38
452,referendum/inside/อำเภอเมืองบุรีรัมย์/ตำบลบัวทอง_19,อำเภอเมืองบุรีรัมย์,ตำบลบัวทอง,10,ไม่แสดงความคิดเห็น,17
453,referendum/inside/อำเภอเมืองบุรีรัมย์/ตำบลบัวทอง_21,อำเภอเมืองบุรีรัมย์,ตำบลบัวทอง,11,เห็นชอบ,78
454,referendum/inside/อำเภอเมืองบุรีรัมย์/ตำบลบัวทอง_21,อำเภอเมืองบุรีรัมย์,ตำบลบัวทอง,11,ไม่เห็นชอบ,47
455,referendum/inside/อำเภอเมืองบุรีรัมย์/ตำบลบัวทอง_21,อำเภอเมืองบุรีรัมย์,ตำบลบัวทอง,11,ไม่แสดงความคิดเห็น,7
456,referendum/inside/อำเภอเมืองบุรีรัมย์/ตำบลบัวทอง_23,อำเภอเมืองบุรีรัมย์,ตำบลบัวทอง,12,เห็นชอบ,83
457,referendum/inside/อำเภอเมืองบุรีรัมย์/ตำบลบัวทอง_23,อำเภอเมืองบุรีรัมย์,ตำบลบัวทอง,12,ไม่เห็นชอบ,100
458,referendum/inside/อำเภอเมืองบุรีรัมย์/ตำบลบัวทอง_23,อำเภอเมืองบุรีรัมย์,ตำบลบัวทอง,12,ไม่แสดงความคิดเห็น,20
459,referendum/inside/อำเภอเมืองบุรีรัมย์/ตำบลบัวทอง_25,อำเภอเมืองบุรีรัมย์,ตำบลบัวทอง,13,เห็นชอบ,138
460,referendum/inside/อำเภอเมืองบุรีรัมย์/ตำบลบัวทอง_25,อำเภอเมืองบุรีรัมย์,ตำบลบัวทอง,13,ไม่เห็นชอบ,67
461,referendum/inside/อำเภอเมืองบุรีรัมย์/ตำบลบัวทอง_25,อำเภอเมืองบุรีรัมย์,ตำบลบัวทอง,13,ไม่แสดงความคิดเห็น,25
462,referendum/inside/อำเภอเมืองบุรีรัมย์/ตำบลบัวทอง_27,อำเภอเมืองบุรีรัมย์,ตำบลบัวทอง,14,เห็นชอบ,109
463,referendum/inside/อำเภอเมืองบุรีรัมย์/ตำบลบัวทอง_27,อำเภอเมืองบุรีรัมย์,ตำบลบัวทอง,14,ไม่เห็นชอบ,37
464,referendum/inside/อำเภอเมืองบุรีรัมย์/ตำบลบัวทอง_27,อำเภอเมืองบุรีรัมย์,ตำบลบัวทอง,14,ไม่แสดงความคิดเห็น,11
465,referendum/inside/อำเภอเมืองบุรีรัมย์/ตำบลบ้านบัว_1,อำเภอเมืองบุรีรัมย์,ตำบลบ้านบัว,1,เห็นชอบ,115
466,referendum/inside/อำเภอเมืองบุรีรัมย์/ตำบลบ้านบัว_1,อำเภอเมืองบุรีรัมย์,ตำบลบ้านบัว,1,ไม่เห็นชอบ,193
467,referendum/inside/อำเภอเมืองบุรีรัมย์/ตำบลบ้านบัว_1,อำเภอเมืองบุรีรัมย์,ตำบลบ้านบัว,1,ไม่แสดงความคิดเห็น,22
468,referendum/inside/อำเภอเมืองบุรีรัมย์/ตำบลบ้านบัว_3,อำเภอเมืองบุรีรัมย์,ตำบลบ้านบัว,2,เห็นชอบ,131
469,referendum/inside/อำเภอเมืองบุรีรัมย์/ตำบลบ้านบัว_3,อำเภอเมืองบุรีรัมย์,ตำบลบ้านบัว,2,ไม่เห็นชอบ,156
470,referendum/inside/อำเภอเมืองบุรีรัมย์/ตำบลบ้านบัว_3,อำเภอเมืองบุรีรัมย์,ตำบลบ้านบัว,2,ไม่แสดงความคิดเห็น,28
471,referendum/inside/อำเภอเมืองบุรีรัมย์/ตำบลบ้านบัว_5,อำเภอเมืองบุรีรัมย์,ตำบลบ้านบัว,3,เห็นชอบ,161
472,referendum/inside/อำเภอเมืองบุรีรัมย์/ตำบลบ้านบัว_5,อำเภอเมืองบุรีรัมย์,ตำบลบ้านบัว,3,ไม่เห็นชอบ,163
473,referendum/inside/อำเภอเมืองบุรีรัมย์/ตำบลบ้านบัว_5,อำเภอเมืองบุรีรัมย์,ตำบลบ้านบัว,3,ไม่แสดงความคิดเห็น,56
474,referendum/inside/อำเภอเมืองบุรีรัมย์/ตำบลบ้านบัว_7,อำเภอเมืองบุรีรัมย์,ตำบลบ้านบัว,4,เห็นชอบ,265
475,referendum/inside/อำเภอเมืองบุรีรัมย์/ตำบลบ้านบัว_7,อำเภอเมืองบุรีรัมย์,ตำบลบ้านบัว,4,ไม่เห็นชอบ,156
476,referendum/inside/อำเภอเมืองบุรีรัมย์/ตำบลบ้านบัว_7,อำเภอเมืองบุรีรัมย์,ตำบลบ้านบัว,4,ไม่แสดงความคิดเห็น,51
477,referendum/inside/อำเภอเมืองบุรีรัมย์/ตำบลบ้านบัว_9,อำเภอเมืองบุรีรัมย์,ตำบลบ้านบัว,5,เห็นชอบ,92
478,referendum/inside/อำเภอเมืองบุรีรัมย์/ตำบลบ้านบัว_9,อำเภอเมืองบุรีรัมย์,ตำบลบ้านบัว,5,ไม่เห็นชอบ,59
479,referendum/inside/อำเภอเมืองบุรีรัมย์/ตำบลบ้านบัว_9,อำเภอเมืองบุรีรัมย์,ตำบลบ้านบัว,5,ไม่แสดงความคิดเห็น,15
480,referendum/inside/อำเภอเมืองบุรีรัมย์/ตำบลบ้านบัว_11,อำเภอเมืองบุรีรัมย์,ตำบลบ้านบัว,6,เห็นชอบ,181
481,referendum/inside/อำเภอเมืองบุรีรัมย์/ตำบลบ้านบัว_11,อำเภอเมืองบุรีรัมย์,ตำบลบ้านบัว,6,ไม่เห็นชอบ,143
482,referendum/inside/อำเภอเมืองบุรีรัมย์/ตำบลบ้านบัว_11,อำเภอเมืองบุรีรัมย์,ตำบลบ้านบัว,6,ไม่แสดงความคิดเห็น,25
483,referendum/inside/อำเภอเมืองบุรีรัมย์/ตำบลบ้านบัว_13,อำเภอเมืองบุรีรัมย์,ตำบลบ้านบัว,7,เห็นชอบ,192
484,referendum/inside/อำเภอเมืองบุรีรัมย์/ตำบลบ้านบัว_13,อำเภอเมืองบุรีรัมย์,ตำบลบ้านบัว,7,ไม่เห็นชอบ,164
485,referendum/inside/อำเภอเมืองบุรีรัมย์/ตำบลบ้านบัว_13,อำเภอเมืองบุรีรัมย์,ตำบลบ้านบัว,7,ไม่แสดงความคิดเห็น,27
486,referendum/inside/อำเภอเมืองบุรีรัมย์/ตำบลบ้านบัว_15,อำเภอเมืองบุรีรัมย์,ตำบลบ้านบัว,8,เห็นชอบ,138
487,referendum/inside/อำเภอเมืองบุรีรัมย์/ตำบลบ้านบัว_15,อำเภอเมืองบุรีรัมย์,ตำบลบ้านบัว,8,ไม่เห็นชอบ,114
488,referendum/inside/อำเภอเมืองบุรีรัมย์/ตำบลบ้านบัว_15,อำเภอเมืองบุรีรัมย์,ตำบลบ้านบัว,8,ไม่แสดงความคิดเห็น,31
489,referendum/inside/อำเภอเมืองบุรีรัมย์/ตำบลบ้านบัว_17,อำเภอเมืองบุรีรัมย์,ตำบลบ้านบัว,9,เห็นชอบ,155
490,referendum/inside/อำเภอเมืองบุรีรัมย์/ตำบลบ้านบัว_17,อำเภอเมืองบุรีรัมย์,ตำบลบ้านบัว,9,ไม่เห็นชอบ,170
491,referendum/inside/อำเภอเมืองบุรีรัมย์/ตำบลบ้านบัว_17,อำเภอเมืองบุรีรัมย์,ตำบลบ้านบัว,9,ไม่แสดงความคิดเห็น,30
492,referendum/inside/อำเภอเมืองบุรีรัมย์/ตำบลบ้านบัว_19,อำเภอเมืองบุรีรัมย์,ตำบลบ้านบัว,10,เห็นชอบ,146
493,referendum/inside/อำเภอเมืองบุรีรัมย์/ตำบลบ้านบัว_19,อำเภอเมืองบุรีรัมย์,ตำบลบ้านบัว,10,ไม่เห็นชอบ,179
494,referendum/inside/อำเภอเมืองบุรีรัมย์/ตำบลบ้านบัว_19,อำเภอเมืองบุรีรัมย์,ตำบลบ้านบัว,10,ไม่แสดงความคิดเห็น,31
495,referendum/inside/อำเภอเมืองบุรีรัมย์/ตำบลบ้านบัว_21,อำเภอเมืองบุรีรัมย์,ตำบลบ้านบัว,11,เห็นชอบ,102
496,referendum/inside/อำเภอเมืองบุรีรัมย์/ตำบลบ้านบัว_21,อำเภอเมืองบุรีรัมย์,ตำบลบ้านบัว,11,ไม่เห็นชอบ,181
497,referendum/inside/อำเภอเมืองบุรีรัมย์/ตำบลบ้านบัว_21,อำเภอเมืองบุรีรัมย์,ตำบลบ้านบัว,11,ไม่แสดงความคิดเห็น,23
498,referendum/inside/อำเภอเมืองบุรีรัมย์/ตำบลบ้านบัว_23,อำเภอเมืองบุรีรัมย์,ตำบลบ้านบัว,12,เห็นชอบ,84
499,referendum/inside/อำเภอเมืองบุรีรัมย์/ตำบลบ้านบัว_23,อำเภอเมืองบุรีรัมย์,ตำบลบ้านบัว,12,ไม่เห็นชอบ,79
500,referendum/inside/อำเภอเมืองบุรีรัมย์/ตำบลบ้านบัว_23,อำเภอเมืองบุรีรัมย์,ตำบลบ้านบัว,12,ไม่แสดงความคิดเห็น,29
501,referendum/inside/อำเภอเมืองบุรีรัมย์/ตำบลบ้านบัว_25,อำเภอเมืองบุรีรัมย์,ตำบลบ้านบัว,13,เห็นชอบ,195
502,referendum/inside/อำเภอเมืองบุรีรัมย์/ตำบลบ้านบัว_25,อำเภอเมืองบุรีรัมย์,ตำบลบ้านบัว,13,ไม่เห็นชอบ,163
503,referendum/inside/อำเภอเมืองบุรีรัมย์/ตำบลบ้านบัว_25,อำเภอเมืองบุรีรัมย์,ตำบลบ้านบัว,13,ไม่แสดงความคิดเห็น,35
504,referendum/inside/อำเภอเมืองบุรีรัมย์/ตำบลบ้านบัว_27,อำเภอเมืองบุรีรัมย์,ตำบลบ้านบัว,14,เห็นชอบ,220
505,referendum/inside/อำเภอเมืองบุรีรัมย์/ตำบลบ้านบัว_27,อำเภอเมืองบุรีรัมย์,ตำบลบ้านบัว,14,ไม่เห็นชอบ,147
506,referendum/inside/อำเภอเมืองบุรีรัมย์/ตำบลบ้านบัว_27,อำเภอเมืองบุรีรัมย์,ตำบลบ้านบัว,14,ไม่แสดงความคิดเห็น,42
507,referendum/inside/อำเภอเมืองบุรีรัมย์/ตำบลบ้านบัว_29,อำเภอเมืองบุรีรัมย์,ตำบลบ้านบัว,15,เห็นชอบ,119
508,referendum/inside/อำเภอเมืองบุรีรัมย์/ตำบลบ้านบัว_29,อำเภอเมืองบุรีรัมย์,ตำบลบ้านบัว,15,ไม่เห็นชอบ,145
509,referendum/inside/อำเภอเมืองบุรีรัมย์/ตำบลบ้านบัว_29,อำเภอเมืองบุรีรัมย์,ตำบลบ้านบัว,15,ไม่แสดงความคิดเห็น,44
510,referendum/inside/อำเภอเมืองบุรีรัมย์/ตำบลบ้านบัว_31,อำเภอเมืองบุรีรัมย์,ตำบลบ้านบัว,16,เห็นชอบ,48
511,referendum/inside/อำเภอเมืองบุรีรัมย์/ตำบลบ้านบัว_31,อำเภอเมืองบุรีรัมย์,ตำบลบ้านบัว,16,ไม่เห็นชอบ,53
512,referendum/inside/อำเภอเมืองบุรีรัมย์/ตำบลบ้านบัว_31,อำเภอเมืองบุรีรัมย์,ตำบลบ้านบัว,16,ไม่แสดงความคิดเห็น,22
513,referendum/inside/อำเภอเมืองบุรีรัมย์/ตำบลบ้านบัว_33,อำเภอเมืองบุรีรัมย์,ตำบลบ้านบัว,17,เห็นชอบ,78
514,referendum/inside/อำเภอเมืองบุรีรัมย์/ตำบลบ้านบัว_33,อำเภอเมืองบุรีรัมย์,ตำบลบ้านบัว,17,ไม่เห็นชอบ,70
515,referendum/inside/อำเภอเมืองบุรีรัมย์/ตำบลบ้านบัว_33,อำเภอเมืองบุรีรัมย์,ตำบลบ้านบัว,17,ไม่แสดงความคิดเห็น,26
516,referendum/inside/อำเภอเมืองบุรีรัมย์/ตำบลบ้านบัว_35,อำเภอเมืองบุรีรัมย์,ตำบลบ้านบัว,18,เห็นชอบ,156
517,referendum/inside/อำเภอเมืองบุรีรัมย์/ตำบลบ้านบัว_35,อำเภอเมืองบุรีรัมย์,ตำบลบ้านบัว,18,ไม่เห็นชอบ,155
518,referendum/inside/อำเภอเมืองบุรีรัมย์/ตำบลบ้านบัว_35,อำเภอเมืองบุรีรัมย์,ตำบลบ้านบัว,18,ไม่แสดงความคิดเห็น,30
519,referendum/inside/อำเภอเมืองบุรีรัมย์/ตำบลบ้านบัว_37,อำเภอเมืองบุรีรัมย์,ตำบลบ้านบัว,19,เห็นชอบ,120
520,referendum/inside/อำเภอเมืองบุรีรัมย์/ตำบลบ้านบัว_37,อำเภอเมืองบุรีรัมย์,ตำบลบ้านบัว,19,ไม่เห็นชอบ,178
521,referendum/inside/อำเภอเมืองบุรีรัมย์/ตำบลบ้านบัว_37,อำเภอเมืองบุรีรัมย์,ตำบลบ้านบัว,19,ไม่แสดงความคิดเห็น,29
522,referendum/inside/อำเภอเมืองบุรีรัมย์/ตำบลบ้านยาง_1,อำเภอเมืองบุรีรัมย์,ตำบลบ้านยาง,1,เห็นชอบ,259
523,referendum/inside/อำเภอเมืองบุรีรัมย์/ตำบลบ้านยาง_1,อำเภอเมืองบุรีรัมย์,ตำบลบ้านยาง,1,ไม่เห็นชอบ,119
524,referendum/inside/อำเภอเมืองบุรีรัมย์/ตำบลบ้านยาง_1,อำเภอเมืองบุรีรัมย์,ตำบลบ้านยาง,1,ไม่แสดงความคิดเห็น,59
525,referendum/inside/อำเภอเมืองบุรีรัมย์/ตำบลบ้านยาง_3,อำเภอเมืองบุรีรัมย์,ตำบลบ้านยาง,2,เห็นชอบ,157
526,referendum/inside/อำเภอเมืองบุรีรัมย์/ตำบลบ้านยาง_3,อำเภอเมืองบุรีรัมย์,ตำบลบ้านยาง,2,ไม่เห็นชอบ,94
527,referendum/inside/อำเภอเมืองบุรีรัมย์/ตำบลบ้านยาง_3,อำเภอเมืองบุรีรัมย์,ตำบลบ้านยาง,2,ไม่แสดงความคิดเห็น,28
528,referendum/inside/อำเภอเมืองบุรีรัมย์/ตำบลบ้านยาง_5,อำเภอเมืองบุรีรัมย์,ตำบลบ้านยาง,3,เห็นชอบ,115
529,referendum/inside/อำเภอเมืองบุรีรัมย์/ตำบลบ้านยาง_5,อำเภอเมืองบุรีรัมย์,ตำบลบ้านยาง,3,ไม่เห็นชอบ,94
530,referendum/inside/อำเภอเมืองบุรีรัมย์/ตำบลบ้านยาง_5,อำเภอเมืองบุรีรัมย์,ตำบลบ้านยาง,3,ไม่แสดงความคิดเห็น,36
531,referendum/inside/อำเภอเมืองบุรีรัมย์/ตำบลบ้านยาง_7,อำเภอเมืองบุรีรัมย์,ตำบลบ้านยาง,4,เห็นชอบ,245
532,referendum/inside/อำเภอเมืองบุรีรัมย์/ตำบลบ้านยาง_7,อำเภอเมืองบุรีรัมย์,ตำบลบ้านยาง,4,ไม่เห็นชอบ,177
533,referendum/inside/อำเภอเมืองบุรีรัมย์/ตำบลบ้านยาง_7,อำเภอเมืองบุรีรัมย์,ตำบลบ้านยาง,4,ไม่แสดงความคิดเห็น,35
534,referendum/inside/อำเภอเมืองบุรีรัมย์/ตำบลบ้านยาง_9,อำเภอเมืองบุรีรัมย์,ตำบลบ้านยาง,5,เห็นชอบ,105
535,referendum/inside/อำเภอเมืองบุรีรัมย์/ตำบลบ้านยาง_9,อำเภอเมืองบุรีรัมย์,ตำบลบ้านยาง,5,ไม่เห็นชอบ,89
536,referendum/inside/อำเภอเมืองบุรีรัมย์/ตำบลบ้านยาง_9,อำเภอเมืองบุรีรัมย์,ตำบลบ้านยาง,5,ไม่แสดงความคิดเห็น,23
537,referendum/inside/อำเภอเมืองบุรีรัมย์/ตำบลบ้านยาง_11,อำเภอเมืองบุรีรัมย์,ตำบลบ้านยาง,6,เห็นชอบ,200
538,referendum/inside/อำเภอเมืองบุรีรัมย์/ตำบลบ้านยาง_11,อำเภอเมืองบุรีรัมย์,ตำบลบ้านยาง,6,ไม่เห็นชอบ,135
539,referendum/inside/อำเภอเมืองบุรีรัมย์/ตำบลบ้านยาง_11,อำเภอเมืองบุรีรัมย์,ตำบลบ้านยาง,6,ไม่แสดงความคิดเห็น,30
540,referendum/inside/อำเภอเมืองบุรีรัมย์/ตำบลบ้านยาง_13,อำเภอเมืองบุรีรัมย์,ตำบลบ้านยาง,7,เห็นชอบ,200
541,referendum/inside/อำเภอเมืองบุรีรัมย์/ตำบลบ้านยาง_13,อำเภอเมืองบุรีรัมย์,ตำบลบ้านยาง,7,ไม่เห็นชอบ,262
542,referendum/inside/อำเภอเมืองบุรีรัมย์/ตำบลบ้านยาง_13,อำเภอเมืองบุรีรัมย์,ตำบลบ้านยาง,7,ไม่แสดงความคิดเห็น,50
543,referendum/inside/อำเภอเมืองบุรีรัมย์/ตำบลบ้านยาง_15,อำเภอเมืองบุรีรัมย์,ตำบลบ้านยาง,8,เห็นชอบ,99
544,referendum/inside/อำเภอเมืองบุรีรัมย์/ตำบลบ้านยาง_15,อำเภอเมืองบุรีรัมย์,ตำบลบ้านยาง,8,ไม่เห็นชอบ,78
545,referendum/inside/อำเภอเมืองบุรีรัมย์/ตำบลบ้านยาง_15,อำเภอเมืองบุรีรัมย์,ตำบลบ้านยาง,8,ไม่แสดงความคิดเห็น,28
546,referendum/inside/อำเภอเมืองบุรีรัมย์/ตำบลบ้านยาง_17,อำเภอเมืองบุรีรัมย์,ตำบลบ้านยาง,9,เห็นชอบ,261
547,referendum/inside/อำเภอเมืองบุรีรัมย์/ตำบลบ้านยาง_17,อำเภอเมืองบุรีรัมย์,ตำบลบ้านยาง,9,ไม่เห็นชอบ,141
548,referendum/inside/อำเภอเมืองบุรีรัมย์/ตำบลบ้านยาง_17,อำเภอเมืองบุรีรัมย์,ตำบลบ้านยาง,9,ไม่แสดงความคิดเห็น,61
549,referendum/inside/อำเภอเมืองบุรีรัมย์/ตำบลบ้านยาง_19,อำเภอเมืองบุรีรัมย์,ตำบลบ้านยาง,10,เห็นชอบ,100
550,referendum/inside/อำเภอเมืองบุรีรัมย์/ตำบลบ้านยาง_19,อำเภอเมืองบุรีรัมย์,ตำบลบ้านยาง,10,ไม่เห็นชอบ,103
551,referendum/inside/อำเภอเมืองบุรีรัมย์/ตำบลบ้านยาง_19,อำเภอเมืองบุรีรัมย์,ตำบลบ้านยาง,10,ไม่แสดงความคิดเห็น,25
552,referendum/inside/อำเภอเมืองบุรีรัมย์/ตำบลบ้านยาง_21,อำเภอเมืองบุรีรัมย์,ตำบลบ้านยาง,11,เห็นชอบ,185
553,referendum/inside/อำเภอเมืองบุรีรัมย์/ตำบลบ้านยาง_21,อำเภอเมืองบุรีรัมย์,ตำบลบ้านยาง,11,ไม่เห็นชอบ,123
554,referendum/inside/อำเภอเมืองบุรีรัมย์/ตำบลบ้านยาง_21,อำเภอเมืองบุรีรัมย์,ตำบลบ้านยาง,11,ไม่แสดงความคิดเห็น,33
555,referendum/inside/อำเภอเมืองบุรีรัมย์/ตำบลบ้านยาง_23,อำเภอเมืองบุรีรัมย์,ตำบลบ้านยาง,12,เห็นชอบ,108
556,referendum/inside/อำเภอเมืองบุรีรัมย์/ตำบลบ้านยาง_23,อำเภอเมืองบุรีรัมย์,ตำบลบ้านยาง,12,ไม่เห็นชอบ,97
557,referendum/inside/อำเภอเมืองบุรีรัมย์/ตำบลบ้านยาง_23,อำเภอเมืองบุรีรัมย์,ตำบลบ้านยาง,12,ไม่แสดงความคิดเห็น,31
558,referendum/inside/อำเภอเมืองบุรีรัมย์/ตำบลบ้านยาง_25,อำเภอเมืองบุรีรัมย์,ตำบลบ้านยาง,13,เห็นชอบ,349
559,referendum/inside/อำเภอเมืองบุรีรัมย์/ตำบลบ้านยาง_25,อำเภอเมืองบุรีรัมย์,ตำบลบ้านยาง,13,ไม่เห็นชอบ,64
560,referendum/inside/อำเภอเมืองบุรีรัมย์/ตำบลบ้านยาง_25,อำเภอเมืองบุรีรัมย์,ตำบลบ้านยาง,13,ไม่แสดงความคิดเห็น,30
561,referendum/inside/อำเภอเมืองบุรีรัมย์/ตำบลบ้านยาง_27,อำเภอเมืองบุรีรัมย์,ตำบลบ้านยาง,14,เห็นชอบ,173
562,referendum/inside/อำเภอเมืองบุรีรัมย์/ตำบลบ้านยาง_27,อำเภอเมืองบุรีรัมย์,ตำบลบ้านยาง,14,ไม่เห็นชอบ,50
563,referendum/inside/อำเภอเมืองบุรีรัมย์/ตำบลบ้านยาง_27,อำเภอเมืองบุรีรัมย์,ตำบลบ้านยาง,14,ไม่แสดงความคิดเห็น,22
564,referendum/inside/อำเภอเมืองบุรีรัมย์/ตำบลบ้านยาง_29,อำเภอเมืองบุรีรัมย์,ตำบลบ้านยาง,15,เห็นชอบ,144
565,referendum/inside/อำเภอเมืองบุรีรัมย์/ตำบลบ้านยาง_29,อำเภอเมืองบุรีรัมย์,ตำบลบ้านยาง,15,ไม่เห็นชอบ,139
566,referendum/inside/อำเภอเมืองบุรีรัมย์/ตำบลบ้านยาง_29,อำเภอเมืองบุรีรัมย์,ตำบลบ้านยาง,15,ไม่แสดงความคิดเห็น,25
567,referendum/inside/อำเภอเมืองบุรีรัมย์/ตำบลบ้านยาง_31,อำเภอเมืองบุรีรัมย์,ตำบลบ้านยาง,16,เห็นชอบ,150
568,referendum/inside/อำเภอเมืองบุรีรัมย์/ตำบลบ้านยาง_31,อำเภอเมืองบุรีรัมย์,ตำบลบ้านยาง,16,ไม่เห็นชอบ,89
569,referendum/inside/อำเภอเมืองบุรีรัมย์/ตำบลบ้านยาง_31,อำเภอเมืองบุรีรัมย์,ตำบลบ้านยาง,16,ไม่แสดงความคิดเห็น,27
570,referendum/inside/อำเภอเมืองบุรีรัมย์/ตำบลบ้านยาง_33,อำเภอเมืองบุรีรัมย์,ตำบลบ้านยาง,17,เห็นชอบ,264
571,referendum/inside/อำเภอเมืองบุรีรัมย์/ตำบลบ้านยาง_33,อำเภอเมืองบุรีรัมย์,ตำบลบ้านยาง,17,ไม่เห็นชอบ,114
572,referendum/inside/อำเภอเมืองบุรีรัมย์/ตำบลบ้านยาง_33,อำเภอเมืองบุรีรัมย์,ตำบลบ้านยาง,17,ไม่แสดงความคิดเห็น,39
573,referendum/inside/อำเภอเมืองบุรีรัมย์/ตำบลบ้านยาง_35,อำเภอเมืองบุรีรัมย์,ตำบลบ้านยาง,18,เห็นชอบ,172
574,referendum/inside/อำเภอเมืองบุรีรัมย์/ตำบลบ้านยาง_35,อำเภอเมืองบุรีรัมย์,ตำบลบ้านยาง,18,ไม่เห็นชอบ,170
575,referendum/inside/อำเภอเมืองบุรีรัมย์/ตำบลบ้านยาง_35,อำเภอเมืองบุรีรัมย์,ตำบลบ้านยาง,18,ไม่แสดงความคิดเห็น,42
576,referendum/inside/อำเภอเมืองบุรีรัมย์/ตำบลบ้านยาง_37,อำเภอเมืองบุรีรัมย์,ตำบลบ้านยาง,19,เห็นชอบ,94
577,referendum/inside/อำเภอเมืองบุรีรัมย์/ตำบลบ้านยาง_37,อำเภอเมืองบุรีรัมย์,ตำบลบ้านยาง,19,ไม่เห็นชอบ,65
578,referendum/inside/อำเภอเมืองบุรีรัมย์/ตำบลบ้านยาง_37,อำเภอเมืองบุรีรัมย์,ตำบลบ้านยาง,19,ไม่แสดงความคิดเห็น,18
579,referendum/inside/อำเภอเมืองบุรีรัมย์/ตำบลบ้านยาง_39,อำเภอเมืองบุรีรัมย์,ตำบลบ้านยาง,20,เห็นชอบ,189
580,referendum/inside/อำเภอเมืองบุรีรัมย์/ตำบลบ้านยาง_39,อำเภอเมืองบุรีรัมย์,ตำบลบ้านยาง,20,ไม่เห็นชอบ,165
581,referendum/inside/อำเภอเมืองบุรีรัมย์/ตำบลบ้านยาง_39,อำเภอเมืองบุรีรัมย์,ตำบลบ้านยาง,20,ไม่แสดงความคิดเห็น,41
582,referendum/inside/อำเภอเมืองบุรีรัมย์/ตำบลบ้านยาง_41,อำเภอเมืองบุรีรัมย์,ตำบลบ้านยาง,21,เห็นชอบ,166
583,referendum/inside/อำเภอเมืองบุรีรัมย์/ตำบลบ้านยาง_41,อำเภอเมืองบุรีรัมย์,ตำบลบ้านยาง,21,ไม่เห็นชอบ,94
584,referendum/inside/อำเภอเมืองบุรีรัมย์/ตำบลบ้านยาง_41,อำเภอเมืองบุรีรัมย์,ตำบลบ้านยาง,21,ไม่แสดงความคิดเห็น,25
585,referendum/inside/อำเภอเมืองบุรีรัมย์/ตำบลบ้านยาง_43,อำเภอเมืองบุรีรัมย์,ตำบลบ้านยาง,22,เห็นชอบ,168
586,referendum/inside/อำเภอเมืองบุรีรัมย์/ตำบลบ้านยาง_43,อำเภอเมืองบุรีรัมย์,ตำบลบ้านยาง,22,ไม่เห็นชอบ,88
587,referendum/inside/อำเภอเมืองบุรีรัมย์/ตำบลบ้านยาง_43,อำเภอเมืองบุรีรัมย์,ตำบลบ้านยาง,22,ไม่แสดงความคิดเห็น,29
588,referendum/inside/อำเภอเมืองบุรีรัมย์/ตำบลพระครู_1,อำเภอเมืองบุรีรัมย์,ตำบลพระครู,1,เห็นชอบ,144
589,referendum/inside/อำเภอเมืองบุรีรัมย์/ตำบลพระครู_1,อำเภอเมืองบุรีรัมย์,ตำบลพระครู,1,ไม่เห็นชอบ,171
590,referendum/inside/อำเภอเมืองบุรีรัมย์/ตำบลพระครู_1,อำเภอเมืองบุรีรัมย์,ตำบลพระครู,1,ไม่แสดงความคิดเห็น,39
591,referendum/inside/อำเภอเมืองบุรีรัมย์/ตำบลพระครู_3,อำเภอเมืองบุรีรัมย์,ตำบลพระครู,2,เห็นชอบ,81
592,referendum/inside/อำเภอเมืองบุรีรัมย์/ตำบลพระครู_3,อำเภอเมืองบุรีรัมย์,ตำบลพระครู,2,ไม่เห็นชอบ,11
593,referendum/inside/อำเภอเมืองบุรีรัมย์/ตำบลพระครู_3,อำเภอเมืองบุรีรัมย์,ตำบลพระครู,2,ไม่แสดงความคิดเห็น,15
594,referendum/inside/อำเภอเมืองบุรีรัมย์/ตำบลพระครู_5,อำเภอเมืองบุรีรัมย์,ตำบลพระครู,3,เห็นชอบ,176
595,referendum/inside/อำเภอเมืองบุรีรัมย์/ตำบลพระครู_5,อำเภอเมืองบุรีรัมย์,ตำบลพระครู,3,ไม่เห็นชอบ,156
596,referendum/inside/อำเภอเมืองบุรีรัมย์/ตำบลพระครู_5,อำเภอเมืองบุรีรัมย์,ตำบลพระครู,3,ไม่แสดงความคิดเห็น,25
597,referendum/inside/อำเภอเมืองบุรีรัมย์/ตำบลพระครู_7,อำเภอเมืองบุรีรัมย์,ตำบลพระครู,4,เห็นชอบ,210
598,referendum/inside/อำเภอเมืองบุรีรัมย์/ตำบลพระครู_7,อำเภอเมืองบุรีรัมย์,ตำบลพระครู,4,ไม่เห็นชอบ,125
599,referendum/inside/อำเภอเมืองบุรีรัมย์/ตำบลพระครู_7,อำเภอเมืองบุรีรัมย์,ตำบลพระครู,4,ไม่แสดงความคิดเห็น,37
600,referendum/inside/อำเภอเมืองบุรีรัมย์/ตำบลพระครู_9,อำเภอเมืองบุรีรัมย์,ตำบลพระครู,5,เห็นชอบ,162
601,referendum/inside/อำเภอเมืองบุรีรัมย์/ตำบลพระครู_9,อำเภอเมืองบุรีรัมย์,ตำบลพระครู,5,ไม่เห็นชอบ,120
602,referendum/inside/อำเภอเมืองบุรีรัมย์/ตำบลพระครู_9,อำเภอเมืองบุรีรัมย์,ตำบลพระครู,5,ไม่แสดงความคิดเห็น,32
603,referendum/inside/อำเภอเมืองบุรีรัมย์/ตำบลพระครู_11,อำเภอเมืองบุรีรัมย์,ตำบลพระครู,6,เห็นชอบ,171
604,referendum/inside/อำเภอเมืองบุรีรัมย์/ตำบลพระครู_11,อำเภอเมืองบุรีรัมย์,ตำบลพระครู,6,ไม่เห็นชอบ,221
605,referendum/inside/อำเภอเมืองบุรีรัมย์/ตำบลพระครู_11,อำเภอเมืองบุรีรัมย์,ตำบลพระครู,6,ไม่แสดงความคิดเห็น,55
606,referendum/inside/อำเภอเมืองบุรีรัมย์/ตำบลพระครู_13,อำเภอเมืองบุรีรัมย์,ตำบลพระครู,7,เห็นชอบ,111
607,referendum/inside/อำเภอเมืองบุรีรัมย์/ตำบลพระครู_13,อำเภอเมืองบุรีรัมย์,ตำบลพระครู,7,ไม่เห็นชอบ,153
608,referendum/inside/อำเภอเมืองบุรีรัมย์/ตำบลพระครู_13,อำเภอเมืองบุรีรัมย์,ตำบลพระครู,7,ไม่แสดงความคิดเห็น,40
609,referendum/inside/อำเภอเมืองบุรีรัมย์/ตำบลพระครู_15,อำเภอเมืองบุรีรัมย์,ตำบลพระครู,8,เห็นชอบ,95
610,referendum/inside/อำเภอเมืองบุรีรัมย์/ตำบลพระครู_15,อำเภอเมืองบุรีรัมย์,ตำบลพระครู,8,ไม่เห็นชอบ,106
611,referendum/inside/อำเภอเมืองบุรีรัมย์/ตำบลพระครู_15,อำเภอเมืองบุรีรัมย์,ตำบลพระครู,8,ไม่แสดงความคิดเห็น,8
612,referendum/inside/อำเภอเมืองบุรีรัมย์/ตำบลพระครู_17,อำเภอเมืองบุรีรัมย์,ตำบลพระครู,9,เห็นชอบ,197
613,referendum/inside/อำเภอเมืองบุรีรัมย์/ตำบลพระครู_17,อำเภอเมืองบุรีรัมย์,ตำบลพระครู,9,ไม่เห็นชอบ,113
614,referendum/inside/อำเภอเมืองบุรีรัมย์/ตำบลพระครู_17,อำเภอเมืองบุรีรัมย์,ตำบลพระครู,9,ไม่แสดงความคิดเห็น,41
615,referendum/inside/อำเภอเมืองบุรีรัมย์/ตำบลพระครู_19,อำเภอเมืองบุรีรัมย์,ตำบลพระครู,10,เห็นชอบ,91
616,referendum/inside/อำเภอเมืองบุรีรัมย์/ตำบลพระครู_19,อำเภอเมืองบุรีรัมย์,ตำบลพระครู,10,ไม่เห็นชอบ,137
617,referendum/inside/อำเภอเมืองบุรีรัมย์/ตำบลพระครู_19,อำเภอเมืองบุรีรัมย์,ตำบลพระครู,10,ไม่แสดงความคิดเห็น,26
618,referendum/inside/อำเภอเมืองบุรีรัมย์/ตำบลพระครู_21,อำเภอเมืองบุรีรัมย์,ตำบลพระครู,11,เห็นชอบ,82
619,referendum/inside/อำเภอเมืองบุรีรัมย์/ตำบลพระครู_21,อำเภอเมืองบุรีรัมย์,ตำบลพระครู,11,ไม่เห็นชอบ,58
620,referendum/inside/อำเภอเมืองบุรีรัมย์/ตำบลพระครู_21,อำเภอเมืองบุรีรัมย์,ตำบลพระครู,11,ไม่แสดงความคิดเห็น,17
621,referendum/inside/อำเภอเมืองบุรีรัมย์/ตำบลลุมปุ๊ก_1,อำเภอเมืองบุรีรัมย์,ตำบลลุมปุ๊ก,1,เห็นชอบ,192
622,referendum/inside/อำเภอเมืองบุรีรัมย์/ตำบลลุมปุ๊ก_1,อำเภอเมืองบุรีรัมย์,ตำบลลุมปุ๊ก,1,ไม่เห็นชอบ,204
623,referendum/inside/อำเภอเมืองบุรีรัมย์/ตำบลลุมปุ๊ก_1,อำเภอเมืองบุรีรัมย์,ตำบลลุมปุ๊ก,1,ไม่แสดงความคิดเห็น,38
624,referendum/inside/อำเภอเมืองบุรีรัมย์/ตำบลลุมปุ๊ก_3,อำเภอเมืองบุรีรัมย์,ตำบลลุมปุ๊ก,2,เห็นชอบ,97
625,referendum/inside/อำเภอเมืองบุรีรัมย์/ตำบลลุมปุ๊ก_3,อำเภอเมืองบุรีรัมย์,ตำบลลุมปุ๊ก,2,ไม่เห็นชอบ,84
626,referendum/inside/อำเภอเมืองบุรีรัมย์/ตำบลลุมปุ๊ก_3,อำเภอเมืองบุรีรัมย์,ตำบลลุมปุ๊ก,2,ไม่แสดงความคิดเห็น,26
627,referendum/inside/อำเภอเมืองบุรีรัมย์/ตำบลลุมปุ๊ก_5,อำเภอเมืองบุรีรัมย์,ตำบลลุมปุ๊ก,3,เห็นชอบ,131
628,referendum/inside/อำเภอเมืองบุรีรัมย์/ตำบลลุมปุ๊ก_5,อำเภอเมืองบุรีรัมย์,ตำบลลุมปุ๊ก,3,ไม่เห็นชอบ,74
629,referendum/inside/อำเภอเมืองบุรีรัมย์/ตำบลลุมปุ๊ก_5,อำเภอเมืองบุรีรัมย์,ตำบลลุมปุ๊ก,3,ไม่แสดงความคิดเห็น,30
630,referendum/inside/อำเภอเมืองบุรีรัมย์/ตำบลลุมปุ๊ก_7,อำเภอเมืองบุรีรัมย์,ตำบลลุมปุ๊ก,4,เห็นชอบ,152
631,referendum/inside/อำเภอเมืองบุรีรัมย์/ตำบลลุมปุ๊ก_7,อำเภอเมืองบุรีรัมย์,ตำบลลุมปุ๊ก,4,ไม่เห็นชอบ,73
632,referendum/inside/อำเภอเมืองบุรีรัมย์/ตำบลลุมปุ๊ก_7,อำเภอเมืองบุรีรัมย์,ตำบลลุมปุ๊ก,4,ไม่แสดงความคิดเห็น,29
633,referendum/inside/อำเภอเมืองบุรีรัมย์/ตำบลลุมปุ๊ก_9,อำเภอเมืองบุรีรัมย์,ตำบลลุมปุ๊ก,5,เห็นชอบ,104
634,referendum/inside/อำเภอเมืองบุรีรัมย์/ตำบลลุมปุ๊ก_9,อำเภอเมืองบุรีรัมย์,ตำบลลุมปุ๊ก,5,ไม่เห็นชอบ,109
635,referendum/inside/อำเภอเมืองบุรีรัมย์/ตำบลลุมปุ๊ก_9,อำเภอเมืองบุรีรัมย์,ตำบลลุมปุ๊ก,5,ไม่แสดงความคิดเห็น,18
636,referendum/inside/อำเภอเมืองบุรีรัมย์/ตำบลลุมปุ๊ก_11,อำเภอเมืองบุรีรัมย์,ตำบลลุมปุ๊ก,6,เห็นชอบ,57
637,referendum/inside/อำเภอเมืองบุรีรัมย์/ตำบลลุมปุ๊ก_11,อำเภอเมืองบุรีรัมย์,ตำบลลุมปุ๊ก,6,ไม่เห็นชอบ,79
638,referendum/inside/อำเภอเมืองบุรีรัมย์/ตำบลลุมปุ๊ก_11,อำเภอเมืองบุรีรัมย์,ตำบลลุมปุ๊ก,6,ไม่แสดงความคิดเห็น,9
639,referendum/inside/อำเภอเมืองบุรีรัมย์/ตำบลลุมปุ๊ก_13,อำเภอเมืองบุรีรัมย์,ตำบลลุมปุ๊ก,7,เห็นชอบ,120
640,referendum/inside/อำเภอเมืองบุรีรัมย์/ตำบลลุมปุ๊ก_13,อำเภอเมืองบุรีรัมย์,ตำบลลุมปุ๊ก,7,ไม่เห็นชอบ,91
641,referendum/inside/อำเภอเมืองบุรีรัมย์/ตำบลลุมปุ๊ก_13,อำเภอเมืองบุรีรัมย์,ตำบลลุมปุ๊ก,7,ไม่แสดงความคิดเห็น,26
642,referendum/inside/อำเภอเมืองบุรีรัมย์/ตำบลลุมปุ๊ก_15,อำเภอเมืองบุรีรัมย์,ตำบลลุมปุ๊ก,8,เห็นชอบ,69
643,referendum/inside/อำเภอเมืองบุรีรัมย์/ตำบลลุมปุ๊ก_15,อำเภอเมืองบุรีรัมย์,ตำบลลุมปุ๊ก,8,ไม่เห็นชอบ,66
644,referendum/inside/อำเภอเมืองบุรีรัมย์/ตำบลลุมปุ๊ก_15,อำเภอเมืองบุรีรัมย์,ตำบลลุมปุ๊ก,8,ไม่แสดงความคิดเห็น,21
645,referendum/inside/อำเภอเมืองบุรีรัมย์/ตำบลลุมปุ๊ก_17,อำเภอเมืองบุรีรัมย์,ตำบลลุมปุ๊ก,9,เห็นชอบ,136
646,referendum/inside/อำเภอเมืองบุรีรัมย์/ตำบลลุมปุ๊ก_17,อำเภอเมืองบุรีรัมย์,ตำบลลุมปุ๊ก,9,ไม่เห็นชอบ,63
647,referendum/inside/อำเภอเมืองบุรีรัมย์/ตำบลลุมปุ๊ก_17,อำเภอเมืองบุรีรัมย์,ตำบลลุมปุ๊ก,9,ไม่แสดงความคิดเห็น,19
648,referendum/inside/อำเภอเมืองบุรีรัมย์/ตำบลลุมปุ๊ก_19,อำเภอเมืองบุรีรัมย์,ตำบลลุมปุ๊ก,10,เห็นชอบ,128
649,referendum/inside/อำเภอเมืองบุรีรัมย์/ตำบลลุมปุ๊ก_19,อำเภอเมืองบุรีรัมย์,ตำบลลุมปุ๊ก,10,ไม่เห็นชอบ,104
650,referendum/inside/อำเภอเมืองบุรีรัมย์/ตำบลลุมปุ๊ก_19,อำเภอเมืองบุรีรัมย์,ตำบลลุมปุ๊ก,10,ไม่แสดงความคิดเห็น,16
651,referendum/inside/อำเภอเมืองบุรีรัมย์/ตำบลลุมปุ๊ก_21,อำเภอเมืองบุรีรัมย์,ตำบลลุมปุ๊ก,11,เห็นชอบ,57
652,referendum/inside/อำเภอเมืองบุรีรัมย์/ตำบลลุมปุ๊ก_21,อำเภอเมืองบุรีรัมย์,ตำบลลุมปุ๊ก,11,ไม่เห็นชอบ,93
653,referendum/inside/อำเภอเมืองบุรีรัมย์/ตำบลลุมปุ๊ก_21,อำเภอเมืองบุรีรัมย์,ตำบลลุมปุ๊ก,11,ไม่แสดงความคิดเห็น,10
654,referendum/inside/อำเภอเมืองบุรีรัมย์/ตำบลลุมปุ๊ก_23,อำเภอเมืองบุรีรัมย์,ตำบลลุมปุ๊ก,12,เห็นชอบ,92
655,referendum/inside/อำเภอเมืองบุรีรัมย์/ตำบลลุมปุ๊ก_23,อำเภอเมืองบุรีรัมย์,ตำบลลุมปุ๊ก,12,ไม่เห็นชอบ,70
656,referendum/inside/อำเภอเมืองบุรีรัมย์/ตำบลลุมปุ๊ก_23,อำเภอเมืองบุรีรัมย์,ตำบลลุมปุ๊ก,12,ไม่แสดงความคิดเห็น,14
657,referendum/inside/อำเภอเมืองบุรีรัมย์/ตำบลลุมปุ๊ก_25,อำเภอเมืองบุรีรัมย์,ตำบลลุมปุ๊ก,13,เห็นชอบ,82
658,referendum/inside/อำเภอเมืองบุรีรัมย์/ตำบลลุมปุ๊ก_25,อำเภอเมืองบุรีรัมย์,ตำบลลุมปุ๊ก,13,ไม่เห็นชอบ,73
659,referendum/inside/อำเภอเมืองบุรีรัมย์/ตำบลลุมปุ๊ก_25,อำเภอเมืองบุรีรัมย์,ตำบลลุมปุ๊ก,13,ไม่แสดงความคิดเห็น,0
660,referendum/inside/อำเภอเมืองบุรีรัมย์/ตำบลลุมปุ๊ก_27,อำเภอเมืองบุรีรัมย์,ตำบลลุมปุ๊ก,14,เห็นชอบ,123
661,referendum/inside/อำเภอเมืองบุรีรัมย์/ตำบลลุมปุ๊ก_27,อำเภอเมืองบุรีรัมย์,ตำบลลุมปุ๊ก,14,ไม่เห็นชอบ,51
662,referendum/inside/อำเภอเมืองบุรีรัมย์/ตำบลลุมปุ๊ก_27,อำเภอเมืองบุรีรัมย์,ตำบลลุมปุ๊ก,14,ไม่แสดงความคิดเห็น,14
663,referendum/inside/อำเภอเมืองบุรีรัมย์/ตำบลลุมปุ๊ก_29,อำเภอเมืองบุรีรัมย์,ตำบลลุมปุ๊ก,15,เห็นชอบ,94
664,referendum/inside/อำเภอเมืองบุรีรัมย์/ตำบลลุมปุ๊ก_29,อำเภอเมืองบุรีรัมย์,ตำบลลุมปุ๊ก,15,ไม่เห็นชอบ,177
665,referendum/inside/อำเภอเมืองบุรีรัมย์/ตำบลลุมปุ๊ก_29,อำเภอเมืองบุรีรัมย์,ตำบลลุมปุ๊ก,15,ไม่แสดงความคิดเห็น,28
666,referendum/inside/อำเภอเมืองบุรีรัมย์/ตำบลลุมปุ๊ก_31,อำเภอเมืองบุรีรัมย์,ตำบลลุมปุ๊ก,16,เห็นชอบ,63
667,referendum/inside/อำเภอเมืองบุรีรัมย์/ตำบลลุมปุ๊ก_31,อำเภอเมืองบุรีรัมย์,ตำบลลุมปุ๊ก,16,ไม่เห็นชอบ,69
668,referendum/inside/อำเภอเมืองบุรีรัมย์/ตำบลลุมปุ๊ก_31,อำเภอเมืองบุรีรัมย์,ตำบลลุมปุ๊ก,16,ไม่แสดงความคิดเห็น,10
669,referendum/inside/อำเภอเมืองบุรีรัมย์/ตำบลลุมปุ๊ก_33,อำเภอเมืองบุรีรัมย์,ตำบลลุมปุ๊ก,17,เห็นชอบ,86
670,referendum/inside/อำเภอเมืองบุรีรัมย์/ตำบลลุมปุ๊ก_33,อำเภอเมืองบุรีรัมย์,ตำบลลุมปุ๊ก,17,ไม่เห็นชอบ,55
671,referendum/inside/อำเภอเมืองบุรีรัมย์/ตำบลลุมปุ๊ก_33,อำเภอเมืองบุรีรัมย์,ตำบลลุมปุ๊ก,17,ไม่แสดงความคิดเห็น,12
672,referendum/inside/อำเภอเมืองบุรีรัมย์/ตำบลลุมปุ๊ก_35,อำเภอเมืองบุรีรัมย์,ตำบลลุมปุ๊ก,18,เห็นชอบ,109
673,referendum/inside/อำเภอเมืองบุรีรัมย์/ตำบลลุมปุ๊ก_35,อำเภอเมืองบุรีรัมย์,ตำบลลุมปุ๊ก,18,ไม่เห็นชอบ,78
674,referendum/inside/อำเภอเมืองบุรีรัมย์/ตำบลลุมปุ๊ก_35,อำเภอเมืองบุรีรัมย์,ตำบลลุมปุ๊ก,18,ไม่แสดงความคิดเห็น,8
675,referendum/inside/อำเภอเมืองบุรีรัมย์/ตำบลลุมปุ๊ก_37,อำเภอเมืองบุรีรัมย์,ตำบลลุมปุ๊ก,19,เห็นชอบ,96
676,referendum/inside/อำเภอเมืองบุรีรัมย์/ตำบลลุมปุ๊ก_37,อำเภอเมืองบุรีรัมย์,ตำบลลุมปุ๊ก,19,ไม่เห็นชอบ,66
677,referendum/inside/อำเภอเมืองบุรีรัมย์/ตำบลลุมปุ๊ก_37,อำเภอเมืองบุรีรัมย์,ตำบลลุมปุ๊ก,19,ไม่แสดงความคิดเห็น,26
678,referendum/inside/อำเภอเมืองบุรีรัมย์/ตำบลสะแกโพรง_1,อำเภอเมืองบุรีรัมย์,ตำบลสะแกโพรง,1,เห็นชอบ,139
679,referendum/inside/อำเภอเมืองบุรีรัมย์/ตำบลสะแกโพรง_1,อำเภอเมืองบุรีรัมย์,ตำบลสะแกโพรง,1,ไม่เห็นชอบ,137
680,referendum/inside/อำเภอเมืองบุรีรัมย์/ตำบลสะแกโพรง_1,อำเภอเมืองบุรีรัมย์,ตำบลสะแกโพรง,1,ไม่แสดงความคิดเห็น,10
681,referendum/inside/อำเภอเมืองบุรีรัมย์/ตำบลสะแกโพรง_3,อำเภอเมืองบุรีรัมย์,ตำบลสะแกโพรง,2,เห็นชอบ,940
682,referendum/inside/อำเภอเมืองบุรีรัมย์/ตำบลสะแกโพรง_3,อำเภอเมืองบุรีรัมย์,ตำบลสะแกโพรง,2,ไม่เห็นชอบ,907
683,referendum/inside/อำเภอเมืองบุรีรัมย์/ตำบลสะแกโพรง_3,อำเภอเมืองบุรีรัมย์,ตำบลสะแกโพรง,2,ไม่แสดงความคิดเห็น,29
684,referendum/inside/อำเภอเมืองบุรีรัมย์/ตำบลสะแกโพรง_5,อำเภอเมืองบุรีรัมย์,ตำบลสะแกโพรง,3,เห็นชอบ,175
685,referendum/inside/อำเภอเมืองบุรีรัมย์/ตำบลสะแกโพรง_5,อำเภอเมืองบุรีรัมย์,ตำบลสะแกโพรง,3,ไม่เห็นชอบ,177
686,referendum/inside/อำเภอเมืองบุรีรัมย์/ตำบลสะแกโพรง_5,อำเภอเมืองบุรีรัมย์,ตำบลสะแกโพรง,3,ไม่แสดงความคิดเห็น,34
687,referendum/inside/อำเภอเมืองบุรีรัมย์/ตำบลสะแกโพรง_7,อำเภอเมืองบุรีรัมย์,ตำบลสะแกโพรง,4,เห็นชอบ,139
688,referendum/inside/อำเภอเมืองบุรีรัมย์/ตำบลสะแกโพรง_7,อำเภอเมืองบุรีรัมย์,ตำบลสะแกโพรง,4,ไม่เห็นชอบ,115
689,referendum/inside/อำเภอเมืองบุรีรัมย์/ตำบลสะแกโพรง_7,อำเภอเมืองบุรีรัมย์,ตำบลสะแกโพรง,4,ไม่แสดงความคิดเห็น,22
690,referendum/inside/อำเภอเมืองบุรีรัมย์/ตำบลสะแกโพรง_9,อำเภอเมืองบุรีรัมย์,ตำบลสะแกโพรง,5,เห็นชอบ,169
691,referendum/inside/อำเภอเมืองบุรีรัมย์/ตำบลสะแกโพรง_9,อำเภอเมืองบุรีรัมย์,ตำบลสะแกโพรง,5,ไม่เห็นชอบ,163
692,referendum/inside/อำเภอเมืองบุรีรัมย์/ตำบลสะแกโพรง_9,อำเภอเมืองบุรีรัมย์,ตำบลสะแกโพรง,5,ไม่แสดงความคิดเห็น,51
693,referendum/inside/อำเภอเมืองบุรีรัมย์/ตำบลสะแกโพรง_11,อำเภอเมืองบุรีรัมย์,ตำบลสะแกโพรง,6,เห็นชอบ,87
694,referendum/inside/อำเภอเมืองบุรีรัมย์/ตำบลสะแกโพรง_11,อำเภอเมืองบุรีรัมย์,ตำบลสะแกโพรง,6,ไม่เห็นชอบ,65
695,referendum/inside/อำเภอเมืองบุรีรัมย์/ตำบลสะแกโพรง_11,อำเภอเมืองบุรีรัมย์,ตำบลสะแกโพรง,6,ไม่แสดงความคิดเห็น,9
696,referendum/inside/อำเภอเมืองบุรีรัมย์/ตำบลสะแกโพรง_13,อำเภอเมืองบุรีรัมย์,ตำบลสะแกโพรง,7,เห็นชอบ,112
697,referendum/inside/อำเภอเมืองบุรีรัมย์/ตำบลสะแกโพรง_13,อำเภอเมืองบุรีรัมย์,ตำบลสะแกโพรง,7,ไม่เห็นชอบ,158
698,referendum/inside/อำเภอเมืองบุรีรัมย์/ตำบลสะแกโพรง_13,อำเภอเมืองบุรีรัมย์,ตำบลสะแกโพรง,7,ไม่แสดงความคิดเห็น,24
699,referendum/inside/อำเภอเมืองบุรีรัมย์/ตำบลสะแกโพรง_15,อำเภอเมืองบุรีรัมย์,ตำบลสะแกโพรง,8,เห็นชอบ,130
700,referendum/inside/อำเภอเมืองบุรีรัมย์/ตำบลสะแกโพรง_15,อำเภอเมืองบุรีรัมย์,ตำบลสะแกโพรง,8,ไม่เห็นชอบ,587
701,referendum/inside/อำเภอเมืองบุรีรัมย์/ตำบลสะแกโพรง_15,อำเภอเมืองบุรีรัมย์,ตำบลสะแกโพรง,8,ไม่แสดงความคิดเห็น,24
702,referendum/inside/อำเภอเมืองบุรีรัมย์/ตำบลสะแกโพรง_17,อำเภอเมืองบุรีรัมย์,ตำบลสะแกโพรง,9,เห็นชอบ,159
703,referendum/inside/อำเภอเมืองบุรีรัมย์/ตำบลสะแกโพรง_17,อำเภอเมืองบุรีรัมย์,ตำบลสะแกโพรง,9,ไม่เห็นชอบ,136
704,referendum/inside/อำเภอเมืองบุรีรัมย์/ตำบลสะแกโพรง_17,อำเภอเมืองบุรีรัมย์,ตำบลสะแกโพรง,9,ไม่แสดงความคิดเห็น,17
705,referendum/inside/อำเภอเมืองบุรีรัมย์/ตำบลสะแกโพรง_19,อำเภอเมืองบุรีรัมย์,ตำบลสะแกโพรง,10,เห็นชอบ,243
706,referendum/inside/อำเภอเมืองบุรีรัมย์/ตำบลสะแกโพรง_19,อำเภอเมืองบุรีรัมย์,ตำบลสะแกโพรง,10,ไม่เห็นชอบ,84
707,referendum/inside/อำเภอเมืองบุรีรัมย์/ตำบลสะแกโพรง_19,อำเภอเมืองบุรีรัมย์,ตำบลสะแกโพรง,10,ไม่แสดงความคิดเห็น,17
708,referendum/inside/อำเภอเมืองบุรีรัมย์/ตำบลสะแกโพรง_21,อำเภอเมืองบุรีรัมย์,ตำบลสะแกโพรง,11,เห็นชอบ,124
709,referendum/inside/อำเภอเมืองบุรีรัมย์/ตำบลสะแกโพรง_21,อำเภอเมืองบุรีรัมย์,ตำบลสะแกโพรง,11,ไม่เห็นชอบ,143
710,referendum/inside/อำเภอเมืองบุรีรัมย์/ตำบลสะแกโพรง_21,อำเภอเมืองบุรีรัมย์,ตำบลสะแกโพรง,11,ไม่แสดงความคิดเห็น,48
711,referendum/inside/อำเภอเมืองบุรีรัมย์/ตำบลสะแกโพรง_23,อำเภอเมืองบุรีรัมย์,ตำบลสะแกโพรง,12,เห็นชอบ,125
712,referendum/inside/อำเภอเมืองบุรีรัมย์/ตำบลสะแกโพรง_23,อำเภอเมืองบุรีรัมย์,ตำบลสะแกโพรง,12,ไม่เห็นชอบ,93
713,referendum/inside/อำเภอเมืองบุรีรัมย์/ตำบลสะแกโพรง_23,อำเภอเมืองบุรีรัมย์,ตำบลสะแกโพรง,12,ไม่แสดงความคิดเห็น,15
714,referendum/inside/อำเภอเมืองบุรีรัมย์/ตำบลสะแกโพรง_25,อำเภอเมืองบุรีรัมย์,ตำบลสะแกโพรง,13,เห็นชอบ,947
715,referendum/inside/อำเภอเมืองบุรีรัมย์/ตำบลสะแกโพรง_25,อำเภอเมืองบุรีรัมย์,ตำบลสะแกโพรง,13,ไม่เห็นชอบ,134
716,referendum/inside/อำเภอเมืองบุรีรัมย์/ตำบลสะแกโพรง_25,อำเภอเมืองบุรีรัมย์,ตำบลสะแกโพรง,13,ไม่แสดงความคิดเห็น,44
717,referendum/inside/อำเภอเมืองบุรีรัมย์/ตำบลสะแกโพรง_27,อำเภอเมืองบุรีรัมย์,ตำบลสะแกโพรง,14,เห็นชอบ,80
718,referendum/inside/อำเภอเมืองบุรีรัมย์/ตำบลสะแกโพรง_27,อำเภอเมืองบุรีรัมย์,ตำบลสะแกโพรง,14,ไม่เห็นชอบ,91
719,referendum/inside/อำเภอเมืองบุรีรัมย์/ตำบลสะแกโพรง_27,อำเภอเมืองบุรีรัมย์,ตำบลสะแกโพรง,14,ไม่แสดงความคิดเห็น,27
720,referendum/inside/อำเภอเมืองบุรีรัมย์/ตำบลสะแกโพรง_29,อำเภอเมืองบุรีรัมย์,ตำบลสะแกโพรง,15,เห็นชอบ,87
721,referendum/inside/อำเภอเมืองบุรีรัมย์/ตำบลสะแกโพรง_29,อำเภอเมืองบุรีรัมย์,ตำบลสะแกโพรง,15,ไม่เห็นชอบ,58
722,referendum/inside/อำเภอเมืองบุรีรัมย์/ตำบลสะแกโพรง_29,อำเภอเมืองบุรีรัมย์,ตำบลสะแกโพรง,15,ไม่แสดงความคิดเห็น,12
723,referendum/inside/อำเภอเมืองบุรีรัมย์/ตำบลสะแกโพรง_31,อำเภอเมืองบุรีรัมย์,ตำบลสะแกโพรง,16,เห็นชอบ,238
724,referendum/inside/อำเภอเมืองบุรีรัมย์/ตำบลสะแกโพรง_31,อำเภอเมืองบุรีรัมย์,ตำบลสะแกโพรง,16,ไม่เห็นชอบ,131
725,referendum/inside/อำเภอเมืองบุรีรัมย์/ตำบลสะแกโพรง_31,อำเภอเมืองบุรีรัมย์,ตำบลสะแกโพรง,16,ไม่แสดงความคิดเห็น,50
726,referendum/inside/อำเภอเมืองบุรีรัมย์/ตำบลสะแกโพรง_33,อำเภอเมืองบุรีรัมย์,ตำบลสะแกโพรง,17,เห็นชอบ,81
727,referendum/inside/อำเภอเมืองบุรีรัมย์/ตำบลสะแกโพรง_33,อำเภอเมืองบุรีรัมย์,ตำบลสะแกโพรง,17,ไม่เห็นชอบ,50
728,referendum/inside/อำเภอเมืองบุรีรัมย์/ตำบลสะแกโพรง_33,อำเภอเมืองบุรีรัมย์,ตำบลสะแกโพรง,17,ไม่แสดงความคิดเห็น,11
729,referendum/inside/อำเภอเมืองบุรีรัมย์/ตำบลสะแกโพรง_35,อำเภอเมืองบุรีรัมย์,ตำบลสะแกโพรง,18,เห็นชอบ,72
730,referendum/inside/อำเภอเมืองบุรีรัมย์/ตำบลสะแกโพรง_35,อำเภอเมืองบุรีรัมย์,ตำบลสะแกโพรง,18,ไม่เห็นชอบ,73
731,referendum/inside/อำเภอเมืองบุรีรัมย์/ตำบลสะแกโพรง_35,อำเภอเมืองบุรีรัมย์,ตำบลสะแกโพรง,18,ไม่แสดงความคิดเห็น,15
732,referendum/inside/อำเภอเมืองบุรีรัมย์/ตำบลสะแกโพรง_37,อำเภอเมืองบุรีรัมย์,ตำบลสะแกโพรง,19,เห็นชอบ,97
733,referendum/inside/อำเภอเมืองบุรีรัมย์/ตำบลสะแกโพรง_37,อำเภอเมืองบุรีรัมย์,ตำบลสะแกโพรง,19,ไม่เห็นชอบ,169
734,referendum/inside/อำเภอเมืองบุรีรัมย์/ตำบลสะแกโพรง_37,อำเภอเมืองบุรีรัมย์,ตำบลสะแกโพรง,19,ไม่แสดงความคิดเห็น,12
735,referendum/inside/อำเภอเมืองบุรีรัมย์/ตำบลสะแกโพรง_39,อำเภอเมืองบุรีรัมย์,ตำบลสะแกโพรง,20,เห็นชอบ,143
736,referendum/inside/อำเภอเมืองบุรีรัมย์/ตำบลสะแกโพรง_39,อำเภอเมืองบุรีรัมย์,ตำบลสะแกโพรง,20,ไม่เห็นชอบ,111
737,referendum/inside/อำเภอเมืองบุรีรัมย์/ตำบลสะแกโพรง_39,อำเภอเมืองบุรีรัมย์,ตำบลสะแกโพรง,20,ไม่แสดงความคิดเห็น,13
738,referendum/inside/อำเภอเมืองบุรีรัมย์/ตำบลสะแกโพรง_41,อำเภอเมืองบุรีรัมย์,ตำบลสะแกโพรง,21,เห็นชอบ,93
739,referendum/inside/อำเภอเมืองบุรีรัมย์/ตำบลสะแกโพรง_41,อำเภอเมืองบุรีรัมย์,ตำบลสะแกโพรง,21,ไม่เห็นชอบ,60
740,referendum/inside/อำเภอเมืองบุรีรัมย์/ตำบลสะแกโพรง_41,อำเภอเมืองบุรีรัมย์,ตำบลสะแกโพรง,21,ไม่แสดงความคิดเห็น,12
741,referendum/inside/อำเภอเมืองบุรีรัมย์/ตำบลสะแกโพรง_43,อำเภอเมืองบุรีรัมย์,ตำบลสะแกโพรง,22,เห็นชอบ,98
742,referendum/inside/อำเภอเมืองบุรีรัมย์/ตำบลสะแกโพรง_43,อำเภอเมืองบุรีรัมย์,ตำบลสะแกโพรง,22,ไม่เห็นชอบ,91
743,referendum/inside/อำเภอเมืองบุรีรัมย์/ตำบลสะแกโพรง_43,อำเภอเมืองบุรีรัมย์,ตำบลสะแกโพรง,22,ไม่แสดงความคิดเห็น,18
744,referendum/inside/อำเภอเมืองบุรีรัมย์/ตำบลสะแกโพรง_45,อำเภอเมืองบุรีรัมย์,ตำบลสะแกโพรง,23,เห็นชอบ,78
745,referendum/inside/อำเภอเมืองบุรีรัมย์/ตำบลสะแกโพรง_45,อำเภอเมืองบุรีรัมย์,ตำบลสะแกโพรง,23,ไม่เห็นชอบ,118
746,referendum/inside/อำเภอเมืองบุรีรัมย์/ตำบลสะแกโพรง_45,อำเภอเมืองบุรีรัมย์,ตำบลสะแกโพรง,23,ไม่แสดงความคิดเห็น,21
747,referendum/inside/อำเภอเมืองบุรีรัมย์/ตำบลสะแกโพรง_47,อำเภอเมืองบุรีรัมย์,ตำบลสะแกโพรง,24,เห็นชอบ,96
748,referendum/inside/อำเภอเมืองบุรีรัมย์/ตำบลสะแกโพรง_47,อำเภอเมืองบุรีรัมย์,ตำบลสะแกโพรง,24,ไม่เห็นชอบ,94
749,referendum/inside/อำเภอเมืองบุรีรัมย์/ตำบลสะแกโพรง_47,อำเภอเมืองบุรีรัมย์,ตำบลสะแกโพรง,24,ไม่แสดงความคิดเห็น,18
750,referendum/inside/อำเภอเมืองบุรีรัมย์/ตำบลหนองตาด_1,อำเภอเมืองบุรีรัมย์,ตำบลหนองตาด,1,เห็นชอบ,144
751,referendum/inside/อำเภอเมืองบุรีรัมย์/ตำบลหนองตาด_1,อำเภอเมืองบุรีรัมย์,ตำบลหนองตาด,1,ไม่เห็นชอบ,79
752,referendum/inside/อำเภอเมืองบุรีรัมย์/ตำบลหนองตาด_1,อำเภอเมืองบุรีรัมย์,ตำบลหนองตาด,1,ไม่แสดงความคิดเห็น,39
753,referendum/inside/อำเภอเมืองบุรีรัมย์/ตำบลหนองตาด_3,อำเภอเมืองบุรีรัมย์,ตำบลหนองตาด,2,เห็นชอบ,150
754,referendum/inside/อำเภอเมืองบุรีรัมย์/ตำบลหนองตาด_3,อำเภอเมืองบุรีรัมย์,ตำบลหนองตาด,2,ไม่เห็นชอบ,121
755,referendum/inside/อำเภอเมืองบุรีรัมย์/ตำบลหนองตาด_3,อำเภอเมืองบุรีรัมย์,ตำบลหนองตาด,2,ไม่แสดงความคิดเห็น,33
756,referendum/inside/อำเภอเมืองบุรีรัมย์/ตำบลหนองตาด_5,อำเภอเมืองบุรีรัมย์,ตำบลหนองตาด,3,เห็นชอบ,161
757,referendum/inside/อำเภอเมืองบุรีรัมย์/ตำบลหนองตาด_5,อำเภอเมืองบุรีรัมย์,ตำบลหนองตาด,3,ไม่เห็นชอบ,90
758,referendum/inside/อำเภอเมืองบุรีรัมย์/ตำบลหนองตาด_5,อำเภอเมืองบุรีรัมย์,ตำบลหนองตาด,3,ไม่แสดงความคิดเห็น,38
759,referendum/inside/อำเภอเมืองบุรีรัมย์/ตำบลหนองตาด_7,อำเภอเมืองบุรีรัมย์,ตำบลหนองตาด,4,เห็นชอบ,216
760,referendum/inside/อำเภอเมืองบุรีรัมย์/ตำบลหนองตาด_7,อำเภอเมืองบุรีรัมย์,ตำบลหนองตาด,4,ไม่เห็นชอบ,123
761,referendum/inside/อำเภอเมืองบุรีรัมย์/ตำบลหนองตาด_7,อำเภอเมืองบุรีรัมย์,ตำบลหนองตาด,4,ไม่แสดงความคิดเห็น,35
762,referendum/inside/อำเภอเมืองบุรีรัมย์/ตำบลหนองตาด_9,อำเภอเมืองบุรีรัมย์,ตำบลหนองตาด,5,เห็นชอบ,97
763,referendum/inside/อำเภอเมืองบุรีรัมย์/ตำบลหนองตาด_9,อำเภอเมืองบุรีรัมย์,ตำบลหนองตาด,5,ไม่เห็นชอบ,22
764,referendum/inside/อำเภอเมืองบุรีรัมย์/ตำบลหนองตาด_9,อำเภอเมืองบุรีรัมย์,ตำบลหนองตาด,5,ไม่แสดงความคิดเห็น,0
765,referendum/inside/อำเภอเมืองบุรีรัมย์/ตำบลหนองตาด_11,อำเภอเมืองบุรีรัมย์,ตำบลหนองตาด,6,เห็นชอบ,122
766,referendum/inside/อำเภอเมืองบุรีรัมย์/ตำบลหนองตาด_11,อำเภอเมืองบุรีรัมย์,ตำบลหนองตาด,6,ไม่เห็นชอบ,68
767,referendum/inside/อำเภอเมืองบุรีรัมย์/ตำบลหนองตาด_11,อำเภอเมืองบุรีรัมย์,ตำบลหนองตาด,6,ไม่แสดงความคิดเห็น,17
768,referendum/inside/อำเภอเมืองบุรีรัมย์/ตำบลหนองตาด_13,อำเภอเมืองบุรีรัมย์,ตำบลหนองตาด,7,เห็นชอบ,105
769,referendum/inside/อำเภอเมืองบุรีรัมย์/ตำบลหนองตาด_13,อำเภอเมืองบุรีรัมย์,ตำบลหนองตาด,7,ไม่เห็นชอบ,124
770,referendum/inside/อำเภอเมืองบุรีรัมย์/ตำบลหนองตาด_13,อำเภอเมืองบุรีรัมย์,ตำบลหนองตาด,7,ไม่แสดงความคิดเห็น,40
771,referendum/inside/อำเภอเมืองบุรีรัมย์/ตำบลหนองตาด_15,อำเภอเมืองบุรีรัมย์,ตำบลหนองตาด,8,เห็นชอบ,106
772,referendum/inside/อำเภอเมืองบุรีรัมย์/ตำบลหนองตาด_15,อำเภอเมืองบุรีรัมย์,ตำบลหนองตาด,8,ไม่เห็นชอบ,65
773,referendum/inside/อำเภอเมืองบุรีรัมย์/ตำบลหนองตาด_15,อำเภอเมืองบุรีรัมย์,ตำบลหนองตาด,8,ไม่แสดงความคิดเห็น,17
774,referendum/inside/อำเภอเมืองบุรีรัมย์/ตำบลหนองตาด_17,อำเภอเมืองบุรีรัมย์,ตำบลหนองตาด,9,เห็นชอบ,154
775,referendum/inside/อำเภอเมืองบุรีรัมย์/ตำบลหนองตาด_17,อำเภอเมืองบุรีรัมย์,ตำบลหนองตาด,9,ไม่เห็นชอบ,133
776,referendum/inside/อำเภอเมืองบุรีรัมย์/ตำบลหนองตาด_17,อำเภอเมืองบุรีรัมย์,ตำบลหนองตาด,9,ไม่แสดงความคิดเห็น,26
777,referendum/inside/อำเภอเมืองบุรีรัมย์/ตำบลหนองตาด_19,อำเภอเมืองบุรีรัมย์,ตำบลหนองตาด,10,เห็นชอบ,221
778,referendum/inside/อำเภอเมืองบุรีรัมย์/ตำบลหนองตาด_19,อำเภอเมืองบุรีรัมย์,ตำบลหนองตาด,10,ไม่เห็นชอบ,117
779,referendum/inside/อำเภอเมืองบุรีรัมย์/ตำบลหนองตาด_19,อำเภอเมืองบุรีรัมย์,ตำบลหนองตาด,10,ไม่แสดงความคิดเห็น,44
780,referendum/inside/อำเภอเมืองบุรีรัมย์/ตำบลหนองตาด_21,อำเภอเมืองบุรีรัมย์,ตำบลหนองตาด,11,เห็นชอบ,140
781,referendum/inside/อำเภอเมืองบุรีรัมย์/ตำบลหนองตาด_21,อำเภอเมืองบุรีรัมย์,ตำบลหนองตาด,11,ไม่เห็นชอบ,88
782,referendum/inside/อำเภอเมืองบุรีรัมย์/ตำบลหนองตาด_21,อำเภอเมืองบุรีรัมย์,ตำบลหนองตาด,11,ไม่แสดงความคิดเห็น,18
783,referendum/inside/อำเภอเมืองบุรีรัมย์/ตำบลหนองตาด_23,อำเภอเมืองบุรีรัมย์,ตำบลหนองตาด,12,เห็นชอบ,103
784,referendum/inside/อำเภอเมืองบุรีรัมย์/ตำบลหนองตาด_23,อำเภอเมืองบุรีรัมย์,ตำบลหนองตาด,12,ไม่เห็นชอบ,60
785,referendum/inside/อำเภอเมืองบุรีรัมย์/ตำบลหนองตาด_23,อำเภอเมืองบุรีรัมย์,ตำบลหนองตาด,12,ไม่แสดงความคิดเห็น,15
786,referendum/inside/อำเภอเมืองบุรีรัมย์/ตำบลหนองตาด_25,อำเภอเมืองบุรีรัมย์,ตำบลหนองตาด,13,เห็นชอบ,143
787,referendum/inside/อำเภอเมืองบุรีรัมย์/ตำบลหนองตาด_25,อำเภอเมืองบุรีรัมย์,ตำบลหนองตาด,13,ไม่เห็นชอบ,86
788,referendum/inside/อำเภอเมืองบุรีรัมย์/ตำบลหนองตาด_25,อำเภอเมืองบุรีรัมย์,ตำบลหนองตาด,13,ไม่แสดงความคิดเห็น,30
789,referendum/inside/อำเภอเมืองบุรีรัมย์/ตำบลหนองตาด_27,อำเภอเมืองบุรีรัมย์,ตำบลหนองตาด,14,เห็นชอบ,184
790,referendum/inside/อำเภอเมืองบุรีรัมย์/ตำบลหนองตาด_27,อำเภอเมืองบุรีรัมย์,ตำบลหนองตาด,14,ไม่เห็นชอบ,107
791,referendum/inside/อำเภอเมืองบุรีรัมย์/ตำบลหนองตาด_27,อำเภอเมืองบุรีรัมย์,ตำบลหนองตาด,14,ไม่แสดงความคิดเห็น,27
792,referendum/inside/อำเภอเมืองบุรีรัมย์/ตำบลหนองตาด_29,อำเภอเมืองบุรีรัมย์,ตำบลหนองตาด,15,เห็นชอบ,53
793,referendum/inside/อำเภอเมืองบุรีรัมย์/ตำบลหนองตาด_29,อำเภอเมืองบุรีรัมย์,ตำบลหนองตาด,15,ไม่เห็นชอบ,31
794,referendum/inside/อำเภอเมืองบุรีรัมย์/ตำบลหนองตาด_29,อำเภอเมืองบุรีรัมย์,ตำบลหนองตาด,15,ไม่แสดงความคิดเห็น,7
795,referendum/inside/อำเภอเมืองบุรีรัมย์/ตำบลหนองตาด_31,อำเภอเมืองบุรีรัมย์,ตำบลหนองตาด,16,เห็นชอบ,313
796,referendum/inside/อำเภอเมืองบุรีรัมย์/ตำบลหนองตาด_31,อำเภอเมืองบุรีรัมย์,ตำบลหนองตาด,16,ไม่เห็นชอบ,71
797,referendum/inside/อำเภอเมืองบุรีรัมย์/ตำบลหนองตาด_31,อำเภอเมืองบุรีรัมย์,ตำบลหนองตาด,16,ไม่แสดงความคิดเห็น,19
798,referendum/inside/อำเภอเมืองบุรีรัมย์/ตำบลหนองตาด_33,อำเภอเมืองบุรีรัมย์,ตำบลหนองตาด,17,เห็นชอบ,72
799,referendum/inside/อำเภอเมืองบุรีรัมย์/ตำบลหนองตาด_33,อำเภอเมืองบุรีรัมย์,ตำบลหนองตาด,17,ไม่เห็นชอบ,61
800,referendum/inside/อำเภอเมืองบุรีรัมย์/ตำบลหนองตาด_33,อำเภอเมืองบุรีรัมย์,ตำบลหนองตาด,17,ไม่แสดงความคิดเห็น,16
801,referendum/inside/อำเภอเมืองบุรีรัมย์/ตำบลหนองตาด_35,อำเภอเมืองบุรีรัมย์,ตำบลหนองตาด,18,เห็นชอบ,142
802,referendum/inside/อำเภอเมืองบุรีรัมย์/ตำบลหนองตาด_35,อำเภอเมืองบุรีรัมย์,ตำบลหนองตาด,18,ไม่เห็นชอบ,106
803,referendum/inside/อำเภอเมืองบุรีรัมย์/ตำบลหนองตาด_35,อำเภอเมืองบุรีรัมย์,ตำบลหนองตาด,18,ไม่แสดงความคิดเห็น,37
804,referendum/inside/อำเภอเมืองบุรีรัมย์/ตำบลหนองตาด_37,อำเภอเมืองบุรีรัมย์,ตำบลหนองตาด,19,เห็นชอบ,79
805,referendum/inside/อำเภอเมืองบุรีรัมย์/ตำบลหนองตาด_37,อำเภอเมืองบุรีรัมย์,ตำบลหนองตาด,19,ไม่เห็นชอบ,27
806,referendum/inside/อำเภอเมืองบุรีรัมย์/ตำบลหนองตาด_37,อำเภอเมืองบุรีรัมย์,ตำบลหนองตาด,19,ไม่แสดงความคิดเห็น,16
807,referendum/inside/อำเภอเมืองบุรีรัมย์/ตำบลหนองตาด_39,อำเภอเมืองบุรีรัมย์,ตำบลหนองตาด,20,เห็นชอบ,124
808,referendum/inside/อำเภอเมืองบุรีรัมย์/ตำบลหนองตาด_39,อำเภอเมืองบุรีรัมย์,ตำบลหนองตาด,20,ไม่เห็นชอบ,114
809,referendum/inside/อำเภอเมืองบุรีรัมย์/ตำบลหนองตาด_39,อำเภอเมืองบุรีรัมย์,ตำบลหนองตาด,20,ไม่แสดงความคิดเห็น,112
810,referendum/inside/อำเภอเมืองบุรีรัมย์/ตำบลหนองตาด_41,อำเภอเมืองบุรีรัมย์,ตำบลหนองตาด,21,เห็นชอบ,177
811,referendum/inside/อำเภอเมืองบุรีรัมย์/ตำบลหนองตาด_41,อำเภอเมืองบุรีรัมย์,ตำบลหนองตาด,21,ไม่เห็นชอบ,86
812,referendum/inside/อำเภอเมืองบุรีรัมย์/ตำบลหนองตาด_41,อำเภอเมืองบุรีรัมย์,ตำบลหนองตาด,21,ไม่แสดงความคิดเห็น,39
813,referendum/inside/อำเภอเมืองบุรีรัมย์/ตำบลหนองตาด_43,อำเภอเมืองบุรีรัมย์,ตำบลหนองตาด,22,เห็นชอบ,124
814,referendum/inside/อำเภอเมืองบุรีรัมย์/ตำบลหนองตาด_43,อำเภอเมืองบุรีรัมย์,ตำบลหนองตาด,22,ไม่เห็นชอบ,80
815,referendum/inside/อำเภอเมืองบุรีรัมย์/ตำบลหนองตาด_43,อำเภอเมืองบุรีรัมย์,ตำบลหนองตาด,22,ไม่แสดงความคิดเห็น,23
